acc_x_mean,acc_x_std,acc_x_max,acc_x_min,acc_x_rms,acc_x_skew,acc_x_kurt,acc_x_energy,acc_x_entropy,acc_y_mean,acc_y_std,acc_y_max,acc_y_min,acc_y_rms,acc_y_skew,acc_y_kurt,acc_y_energy,acc_y_entropy,acc_z_mean,acc_z_std,acc_z_max,acc_z_min,acc_z_rms,acc_z_skew,acc_z_kurt,acc_z_energy,acc_z_entropy,gyro_x_mean,gyro_x_std,gyro_x_max,gyro_x_min,gyro_x_rms,gyro_x_skew,gyro_x_kurt,gyro_x_energy,gyro_x_entropy,gyro_y_mean,gyro_y_std,gyro_y_max,gyro_y_min,gyro_y_rms,gyro_y_skew,gyro_y_kurt,gyro_y_energy,gyro_y_entropy,gyro_z_mean,gyro_z_std,gyro_z_max,gyro_z_min,gyro_z_rms,gyro_z_skew,gyro_z_kurt,gyro_z_energy,gyro_z_entropy,corr_acc_xy,corr_acc_xz,corr_acc_yz,label
-0.1068780307112069,0.21131021195489763,0.33818359375,-0.570166015625,0.23680143395919173,-0.1731761155837182,-0.1673866710866201,2.5035719741185507,2.5649705028489507,-0.010766601562499993,0.7498484845004467,0.939599609375,-2.610009765625,0.7499257759384071,-2.252652224511588,4.771491669142269,31.524819048643113,2.3989841206339335,0.8854155441810343,0.5558750739640369,2.125439453125,-0.41689453125,1.0454462127397663,-0.4028069218054494,0.2314466059060276,17.324446983496344,2.2372039258488354,-25.188922199805575,174.23124633317613,267.82317810058595,-431.85365600585936,176.04263404186997,-0.8608976865154918,-0.09663044943320998,1762696.087544186,2.146506948453756,17.195630843142666,46.75456892531097,134.57927398681642,-83.23170623779296,49.81645747627277,0.22506616493198076,0.08113826931808443,126929.51026873452,2.313915103163573,11.692988034884134,26.473238504927984,56.82927055358887,-57.01829528808594,28.940599961347473,-0.8868450084347886,-0.024700959681987822,40693.58337315454,2.3507096535921277,0.48037144774519686,-0.27981344581212914,-0.05694372953973053,DOWN
-0.15960372121710528,0.1825763746834288,0.1080078125,-0.487548828125,0.24250253693289733,-0.12856444674991369,-1.3538793235625106,1.8672861516064605,2.3345102977779613,-0.06567811129385964,0.4660435938529852,0.399609375,-1.62958984375,0.4706487497853732,-2.020547565170273,3.7461252342280265,12.166756126305152,2.3082909889151977,0.9241270901864035,0.4634997728016692,1.818115234375,-0.039306640625,1.0338485953966317,-0.07940649270031996,-0.38825243854209646,12.034298206362234,2.049707068284222,-30.65757525594611,134.12616276447304,117.18292999267578,-336.56708984375,137.58529884582842,-1.0528718716862828,-0.33923764352628094,1007740.511563936,1.775593340401244,9.395699763193464,88.78333663467295,168.18293151855468,-135.28658905029295,89.27911311177847,-0.019096781086938443,-1.2269075585763298,441554.83322567947,2.344445614641016,5.1381044513300855,28.27052530221844,93.4390266418457,-37.75000152587891,28.733651320640597,1.2251175599957393,1.80843667588542,44770.24534836379,2.428817079274643,-0.1295946653383315,-0.31771201941158067,-0.2461681929148265,DOWN
-0.07790436921296297,0.17947485603915342,0.3056640625,-0.597314453125,0.1956535578330854,-0.8412766733404825,1.8107547612531958,1.6773981198242731,2.2462211057314314,-0.06536277488425925,0.5635238551645806,0.453857421875,-1.84912109375,0.5673018840794746,-1.7498551669611662,2.5147608788082705,16.535807676315308,1.9922698976797697,0.9602520978009259,0.39656555146138267,1.984033203125,0.343408203125,1.03891690136264,0.9116552738994425,0.6074887863408378,8.188976706436701,1.9482890657595286,-12.580059229886093,172.9805971051853,162.10975952148436,-380.3902526855469,173.43743789935866,-0.7978033759291967,-0.7661023721382954,1558113.9682446881,1.8768613306312771,-6.876129326555465,49.19276325898488,129.07317352294922,-102.2073211669922,49.67100876336265,0.6130971839547974,0.7238929423361165,126011.20228389555,2.12820450837704,3.344625299065202,26.21360229597354,57.713416290283206,-38.98170776367188,26.426113292018865,0.34564818286982407,-0.5850908943455821,35783.85297647483,2.222114963471306,0.6523756671004031,-0.346805838030531,-0.5121739189932377,DOWN
0.005683593750000001,0.1613502155540121,0.37529296875,-0.309619140625,0.1614502873866789,-0.10823475056682041,-0.2183670163286675,1.2516580407436078,2.33604950405617,-0.12652734375,0.6351862048708597,0.54208984375,-2.084912109375,0.6476655646046627,-1.6481417576597672,2.2193993711384374,19.397266177947706,1.9754174139422842,0.9306533203125,0.6635876032908158,2.7146484375,0.026318359375,1.1430066097140164,1.09371010140807,0.8606196142739568,21.17061462998391,1.8896528556823053,-10.55068608820438,202.2794172406327,185.4756103515625,-423.57318115234375,202.5543868104115,-0.7165336651982491,-0.9634873089591109,1885464.792589626,1.6009605729041172,-13.988059342900913,58.208029391742485,86.25609893798828,-140.34756317138672,59.86518595853917,-0.1779214330990608,-0.4857971428293628,156132.06998984484,2.1492865301961044,-11.939151814207435,34.486016215710706,59.103660583496094,-67.23170928955078,36.49422776923708,0.14591532382018846,-0.8153887596166269,54802.80075762076,1.85143603184023,-0.2706973338135533,0.21238782655702296,-0.606891296737919,DOWN
-0.04573003029336735,0.1313261643604497,0.231591796875,-0.40322265625,0.1390604081550897,-0.13146243685686312,0.4334303219651914,0.8281798806190492,2.4351666828239344,-0.17496213329081636,0.6244248325401429,0.430517578125,-1.97236328125,0.6484736845689723,-1.5676672582194155,1.6935010539577595,18.72330395908356,1.865168884266892,0.9314054528061225,0.5288635476475093,2.341552734375,0.2029296875,1.0710801881966108,1.1095108891944172,0.8193101497193829,13.431033230495455,1.9404256436742184,-16.298900635102218,202.9390364439506,204.39024963378907,-416.4268432617188,203.5925015188724,-0.6315290170893585,-1.0613303201554691,2060004.6304959715,1.5396443452915554,-2.344931138730517,44.90451236500187,91.79878082275393,-103.12195510864258,44.96569729008986,0.0016166559877991318,-0.029255841564736595,100859.53875290604,2.088159133549537,-11.233142319847556,23.608820921060715,41.12195243835449,-39.82317123413086,26.144978708361265,0.557249423164934,-0.7671854374229006,27879.54004154499,2.223062419861773,-0.05349704125806902,-0.16344524101187333,-0.7667742492742816,DOWN
-0.05528477260044643,0.191953242923342,0.4404296875,-0.453662109375,0.19975598501739722,0.15621841214509855,0.2433369496432629,1.9922691887822646,2.503391917435414,-0.10937064034598214,0.5752039222176015,0.463134765625,-1.98564453125,0.5855095977899959,-1.8600485647438316,3.0610774640593394,17.889278090904504,2.09882606478116,0.9176025390625,0.5466696670572558,1.93701171875,-0.10048828125,1.0681021227272407,0.11492300266466511,-0.5737703472045386,16.158390417592276,2.079481832631108,-19.346205866778345,190.62642832116612,207.3780548095703,-403.37805786132816,191.60561279859326,-0.9067514929147205,-0.6409327395216113,1892194.2374521655,1.6494460743659665,-2.3582882583141322,37.26985399948552,72.82317199707032,-83.46951522827149,37.344391019968036,0.030636382176022738,-0.6264732476621031,72329.77863449095,2.1878814507379625,-11.746838579795979,32.39282811331363,62.597562885284425,-72.701220703125,34.45698085727281,0.46173813739166736,-0.21026387931568147,54639.75237931217,2.1821226957932995,0.3860256030524865,-0.1255222336930412,-0.4766327684709354,DOWN
-0.050619741586538466,0.13656727043649136,0.216162109375,-0.56181640625,0.14564675620404904,-0.9560059056808126,2.6470869501626266,1.1939222238280556,2.7073265886196216,-0.046456580528846145,0.5034252101073478,0.440380859375,-2.027490234375,0.5055641957714772,-2.4491062493206757,6.172841447840858,16.22380425265341,2.447764641329239,0.9288686899038463,0.5376297081300988,2.44609375,-0.124169921875,1.0732393703865615,0.5998676602257721,1.1848670215055623,18.50330447644898,2.270876052256772,-5.5743721412889915,156.5813316285835,191.8231735229492,-435.87806396484376,156.6805253991383,-1.4972499370017085,0.9414250363818599,1570582.7249760162,2.2562715091133825,0.23762026013749954,49.24855699398595,126.71341705322266,-83.71341552734376,49.24913023981144,0.7048075767159159,0.056529924182005864,155380.80529788142,2.509594771610864,-4.761456112066907,24.671571499752833,76.21341705322266,-44.04268417358399,25.126836342336365,1.1833304220169985,1.6070332362918407,38993.218630364805,2.6360869654773693,0.7545984926064837,-0.41688652896516626,-0.5829257554656391,DOWN
0.048878987630208336,0.1705893887508792,0.4349609375,-0.298974609375,0.17745392355806802,-0.10527053425062946,-0.03353671367482702,1.3409731567382812,2.1256940728970863,-0.1914957682291667,0.8345198708714939,0.530126953125,-2.8080078125,0.8562091123837995,-1.970212109713477,3.0355728167495997,32.09186437397003,2.066538681575424,0.8953928629557292,0.7180417619378362,2.812353515625,-0.1107421875,1.14774228419051,0.9956758629054707,0.900338335971667,23.75849104881286,1.9854330394298145,-38.018040586759646,231.78538201431004,293.9329345703125,-524.2439270019531,234.88259774954835,-0.7564749668543336,-0.7556433970003993,2475630.9699995043,1.7100320017207382,-13.182292086382708,43.54817246205125,57.50609893798829,-115.6280517578125,45.49962801425157,-0.5528188142332711,0.11301297535066102,87396.7196561714,2.174078963998619,-13.782012442002694,22.883861586612298,38.56097640991211,-41.00609817504883,26.713573105572138,0.6778277650712898,-0.7626100033481147,24137.619287948623,2.318015883789558,-0.11612534884821676,0.3607226678442105,-0.8565307837047852,DOWN
-0.01823187934027778,0.16813514804286656,0.28095703125,-0.364599609375,0.16912075399452042,-0.6443677748089942,-0.4319834768262778,1.472040531550135,2.579269638933806,-0.13153121383101854,0.6818087762876188,0.50224609375,-2.349755859375,0.6943800599345299,-1.9463138125651382,3.2451860791163982,24.206870837637346,2.235743753545424,0.8689190899884258,0.6580591550120641,2.777880859375,-0.051025390625,1.0899826771290937,1.2130170535565916,1.2753681384406752,22.55030240969998,2.2782690449449396,-41.3658553927033,193.28363930325983,188.3292694091797,-467.7317199707031,197.66056565405935,-0.9016443713626114,-0.5481007893319649,1945327.245464193,1.8318426513708441,0.014340821018925433,60.18557830151956,97.5792724609375,-156.85975952148436,60.185580010061294,-0.5587331104259797,-0.10704861889125361,188626.29652139376,2.303639479130455,-10.825542284272334,32.2690312680077,73.85365867614746,-52.951220703125,34.036491369179444,0.5737116849548758,-0.19521988008980484,54229.494999312294,2.5691991088925716,0.12003573681655323,0.02139730294433805,-0.6629933742690265,DOWN
-0.010725585937499999,0.2397947660962288,0.53828125,-0.58681640625,0.24003451427002695,-0.2640783294691264,0.9186462527430881,2.7645075014004346,2.0223202447140065,-0.1767060546875,0.7067337256805566,0.3822265625,-2.452001953125,0.7284899373207169,-2.07021263753647,3.4417400050409013,24.01325583833914,2.0123698748678116,0.9359189453125001,0.5875221892602147,2.49794921875,0.064794921875,1.105045969662791,1.2052400304811268,0.8843360694853821,16.595383510131104,1.916073589065513,-16.221186964652116,202.18390123455927,240.95732727050785,-472.53050537109374,202.83356927532537,-0.8827444300086799,-0.46029199029435786,2044702.6176505012,1.730063047168114,3.3470829786038854,89.1950673569452,205.5548828125,-178.39634399414064,89.25784562309158,0.23930309980367281,-0.09841754404035186,397940.99742589955,2.0843105540454685,-2.005141424899008,34.86096918127087,100.8536590576172,-50.95731887817383,34.91858766318253,1.1935730083973377,1.387492833121847,60787.72952003467,2.113090998894688,-0.7104242448360994,0.5078636550346393,-0.6801629111939321,DOWN
-0.023995971679687502,0.16537236039892403,0.2462890625,-0.392041015625,0.16710423166623872,-0.7534622025502332,-0.4495924828891069,1.260223687362671,2.345331472272342,-0.15571187337239584,0.7199982297846867,0.447802734375,-2.4654296875,0.7366434947803608,-2.049424269326453,3.3160421062549803,23.887899402618405,2.0231370559371538,0.9030385335286457,0.568765085690948,2.447021484375,0.0294921875,1.0672264594445728,1.0577966583671186,1.0211677779687216,14.90669336166382,1.8957452768225287,-27.673908568421997,201.08381782117974,238.9756103515625,-470.1402526855469,202.97917874746358,-0.8309636636673203,-0.5550201107564701,1863231.0631028384,1.6056748898173459,-1.9216208487749096,71.4233155241061,145.06098022460938,-138.21341857910156,71.44916113673037,0.21872796465875002,-0.733871287925389,235078.3795899735,2.1041192882738855,-0.45591972817977244,32.350565237964965,97.55488052368165,-37.00000076293945,32.353777739459886,1.4398265140746183,1.657803984065751,48234.093787636746,2.2754092824776153,0.33097619306396037,-0.31581280931813105,-0.7061185129032712,DOWN
-0.16089465082908164,0.2696202893286914,0.37109375,-0.948291015625,0.3139780073239196,-0.8610813179384035,1.1802205444198233,3.4908187220573414,2.23424954944718,-0.053532565369897964,0.8034362067361321,0.9017578125,-2.601953125,0.8052176561959055,-1.9325130968145887,3.1812529921451898,30.997377632904055,2.1713111187302774,0.8613769531250001,0.5639799308737101,2.38427734375,0.235400390625,1.0295841965586026,1.3756894859433966,1.0137495672363013,15.273882863807676,2.059091742122967,-53.533119924161944,172.59957090540072,212.8658599853516,-462.0183044433594,180.71083754314006,-0.8534482316433502,-0.1794526575852582,1490103.4902186668,1.9786670864645968,16.802248231569923,41.61795319211717,129.2682960510254,-34.073171615600586,44.881728727139624,0.7711485799183798,-0.2006419540170441,86636.0101263686,2.4618944394341797,-2.8868962972771883,23.415941225795898,38.91463584899903,-69.65244140625,23.59322940424139,-0.7974060854631208,0.8237188800007611,27425.859526486587,2.259876726194303,0.7418910732616714,-0.33077320416844636,-0.37345719389176985,DOWN
-0.12543854890046297,0.18464408379277705,0.19716796875,-0.565966796875,0.22322246130245924,-0.8745353694749555,-0.17011581701304257,1.7752952791111807,2.329928184834962,-0.0711154513888889,0.5454253528929635,0.43603515625,-1.928369140625,0.5500420193082153,-2.178691428571529,4.2122561826921,15.490846880844662,2.2099301337077257,0.9113624855324075,0.5171573510723088,2.366015625,0.032080078125,1.0478708440470774,0.9652026869424933,1.04586301565329,13.926599263123107,1.9314410724429387,-14.232724556437242,183.48382452560458,221.42073669433597,-386.9817138671875,184.03500838384596,-0.7586997110816999,-0.8254913871140839,1753056.451665971,1.813647742528544,10.843045170218856,92.25210487764784,242.8841552734375,-163.89634552001954,92.8871491807125,0.7050141582101277,0.37226065745466563,443176.5925895934,2.2986173213154117,-8.543247856586065,24.58618829982006,52.37805004119873,-54.76219787597656,26.028210446614864,0.41069761998135823,0.045395913978479197,31481.613361010244,2.4911431309225933,0.263404868563696,-0.14178199219328708,-0.5376787154445024,DOWN
0.013497340425531915,0.15081437522433505,0.205615234375,-0.386083984375,0.15141715217527116,-1.0712119941230387,0.34180419703695275,1.046742739280065,2.2184700702843694,-0.21101853390957445,0.7174265014021987,0.403857421875,-2.448388671875,0.7478165594365674,-1.9615697764398392,2.961916539719537,23.686959039072196,2.091384257561768,0.882144489694149,0.6538155907919787,2.812353515625,0.103759765625,1.0980226443295307,1.5104480022151041,1.8121695563150757,19.67274775664011,2.1588863057920262,-47.29370110332966,192.84945535243543,222.39024658203124,-457.5183044433594,198.56386024093626,-0.754073104594525,-0.6158420685335737,1713759.7350237963,1.684145156469446,-4.44029470682144,79.78669129528357,177.06098022460938,-134.8292724609375,79.91015157620654,0.5273907840574643,-0.28253603883189937,293364.2531610385,2.0635958453349317,-13.603404657170175,27.000520611688334,33.26219635009765,-78.56707458496093,30.233768067657824,-0.5705789451585653,-0.35905404397660146,33596.84497832142,2.435102766369532,-0.14925125499994532,0.13165819667793208,-0.7286697396008202,DOWN
0.014958984375,0.15213158483366926,0.272265625,-0.252734375,0.15286526851294704,-0.06606468752329164,-1.2213926686431693,1.112829183615171,2.3562253004247453,-0.11988964843750001,0.4911714733356952,0.52177734375,-1.5607421875,0.5055916771676775,-1.336100178209829,1.5602271456765209,11.59864336188023,2.001166316863125,0.9357587890625,0.4730931500466915,2.21142578125,0.39130859375,1.0485521636660802,1.2786896482706362,0.8388327978699377,10.760511320829387,1.8616766847921595,-24.044970296820008,157.93150353943494,135.28659057617188,-362.0426879882813,159.75143319169783,-0.8728404683754349,-0.6589699618841647,1149344.680689641,1.4661200109367727,-9.504954723517102,65.03710104071479,138.30487823486328,-102.71951446533204,65.72799005048194,0.7334019359555232,-0.37114534444326264,194935.57915215017,2.2299386686353837,-6.582063315312069,24.215045185241905,49.35366020202637,-43.16463623046875,25.09366395746313,0.29314756499932687,-0.665580283359466,27023.79015726869,2.2759300774430966,-0.3225718294790671,0.34095007518953696,-0.6147828436895917,DOWN
-0.043680826822916664,0.14817091236773725,0.180078125,-0.32373046875,0.1544753504732108,-0.2679519415337542,-1.2462667997232555,1.0116955352783201,2.411518079293802,-0.17872517903645835,0.6329542797865636,0.40556640625,-2.1869140625,0.6577034361486502,-1.9645535819238675,3.1632564960280174,18.461838111877444,2.177977659762588,0.9195485432942707,0.5416264884202535,2.364892578125,0.108251953125,1.0672060609053298,0.943531377238334,0.7921209155019064,13.518239004516602,1.9855462689048247,-34.22992863853772,184.82199259372626,172.64634399414064,-427.7134155273437,187.9650418586254,-0.8435829268277896,-0.7474878235198221,1574054.5217771342,1.643683783476376,-9.931021859000127,78.50498824934718,148.96951751708986,-152.92073669433594,79.13064119033838,0.09610665832481732,-0.48556675703557195,283998.29516082106,1.9316915787230593,-9.295350938787063,24.39058187474198,46.402439498901366,-49.78048934936523,26.101801341357678,0.27507670810070656,-0.22488943113113935,27413.345133197126,2.0844110095539614,0.019007759123365837,0.08368516903225692,-0.6530603926970739,DOWN
0.05607808430989583,0.22019021470739106,0.455224609375,-0.44912109375,0.2272190181141419,-0.1357123827385174,-0.23444912763810732,2.234377535629272,2.2265585384314406,-0.18070678710937496,0.6581259281023448,0.566015625,-2.325341796875,0.6824841977276586,-2.010076068486982,3.372462145476468,19.95881673259735,2.0484967884935217,0.9421152750651042,0.5503509257176226,2.429296875,0.3490234375,1.09108539214364,1.2155487806441476,0.7473665051437131,13.95701311225891,1.8202410016391368,-28.985773062706,177.82149767820295,207.48780822753903,-448.32318115234375,180.16842141885417,-0.9818016195982608,-0.2589127951024417,1457074.7260828256,1.7414763136185023,-4.464050018042325,60.35561786251807,108.37195510864258,-153.6341522216797,60.52047876652905,-0.6575011274667191,0.29299457142337415,167864.985436755,2.1022571278974898,6.61115381717682,38.00640532944964,79.82927093505859,-40.719513702392575,38.577120173242456,0.39216475002391993,-1.1665592590863036,66568.2724458305,2.1371489878433723,-0.6073644634244227,0.661645891866061,-0.6784767591455031,DOWN
-0.10639740566037735,0.16808744661202965,0.3810546875,-0.5640625,0.19893164062011556,-0.20171608890635176,1.464824814763964,1.4696994757652286,2.496990990158562,-0.14440595518867927,0.4899702410194942,0.39013671875,-1.649365234375,0.5108071230696143,-1.6730980619267641,2.581228041679833,12.488129284646774,2.319369381717253,0.9274358785377359,0.5287558581797429,2.23232421875,-0.06611328125,1.0675767262161808,0.38856636617920204,0.29477159977087464,14.543480851561934,2.065589930734201,-36.07622137731975,158.68025717590925,122.23780670166016,-376.6524475097656,162.72958479108243,-0.9366348221086793,-0.6924641995667633,1311128.9576522287,1.7729935830234576,18.03782773900915,68.72865650270741,153.50000610351563,-131.0670783996582,71.05625556000902,0.259912400598498,-0.45752985806394353,245974.95861743702,2.2747207801062466,-0.7690831715310061,20.15439553036413,50.60975613594055,-36.76829299926758,20.169064135925932,0.41163010660917243,0.3643813651468202,21153.666395252225,2.5702726199412904,0.5012882617160184,-0.2599119587116609,-0.6589631509724897,DOWN
0.05344340006510417,0.1640445396612408,0.36396484375,-0.394873046875,0.17253060019366762,-1.0125815797390194,0.9029511542673752,1.2403368358612061,2.4740471665219355,-0.17150573730468746,0.5745495785539171,0.448779296875,-1.84423828125,0.5996010641625883,-1.5958831116851706,1.932260716295474,15.212308357620236,2.1506202602976634,0.920417277018229,0.6021158384221119,2.472509765625,0.148779296875,1.0998688315942107,1.058143359873619,0.5091114416518949,16.706908061599737,2.0179624311628594,-48.68953403780858,171.18919458582636,166.06097717285155,-415.95123291015625,177.97868149798964,-0.832691021286948,-0.6813646251830239,1350409.3473685593,1.6057435115706935,-11.455665997664136,69.58122558265416,119.43902587890624,-177.94512634277345,70.51793556985515,-0.5160647794782782,0.33823405111487714,223123.02632684578,2.1914496978990265,-2.7657518468797204,23.216384966191374,47.53658828735352,-34.73170776367188,23.380545634713393,0.5398684180824392,-0.5251361816660793,24848.132222380576,2.4508802366025493,-0.3089993954812494,0.3995096926992208,-0.9033657217965346,DOWN
-0.22277730305989585,0.29785683782349415,0.193603515625,-1.0861328125,0.3719521778358772,-1.3526528401487352,1.4811127532684862,4.088360838317872,2.0988796118929853,-0.2232228597005208,0.7902261861960216,0.487109375,-2.7298828125,0.8211491158387664,-1.9871591533959225,3.136239846154144,28.77574629478455,2.12963956505524,0.790589396158854,0.7131384428906701,2.71572265625,-0.300927734375,1.0647056081599982,0.9008282558357128,0.769571446589512,23.435168649673464,2.1372414999393543,-48.74771392817299,206.51150262794283,220.1097625732422,-474.5792785644532,212.18704091172447,-0.8164332855898427,-0.7386016695481876,1965197.9358421885,1.84797480390444,30.268294117848075,120.87385087860301,341.6463562011719,-126.96951599121094,124.6060089041749,1.2228074355498304,0.4722532209879824,673330.2293658459,2.1104936702833674,-14.438770747681458,46.51969474496239,34.78048858642578,-128.1524444580078,48.7089324443534,-1.109416961007974,0.03778278307304905,99727.08342518126,2.0061943828960076,0.7254094780658712,-0.38285138835314253,-0.7357967572686692,DOWN
-0.10480910966981132,0.18872598622882433,0.2859375,-0.556591796875,0.2158759999347332,-0.45226118051425807,-0.3453162436197821,1.8527694729522424,2.4450731819991702,-0.1544838959316038,0.5870638147153174,0.516015625,-2.044677734375,0.6070495833540347,-1.9075683532159076,3.1825948659615113,17.92786626736323,2.2111094449325033,0.8651376400353774,0.5907481941041118,2.20703125,-0.027490234375,1.0475908385640127,0.5408634921465248,-0.38744089446477314,18.15360095562758,1.8258620666468528,-42.20444817823522,170.69994268195126,208.6585418701172,-420.9939086914063,175.8399439196077,-0.8745861728453588,-0.36997639732700094,1457483.8767816802,2.02969325372202,16.54041128485811,49.19726393520922,121.37195281982422,-67.73170928955078,51.90333307392599,0.38506421386843886,-0.6673907091798581,121065.08452743015,2.4248622343541015,11.974773076235081,25.2777812485313,98.19512329101562,-18.20731716156006,27.970724250114174,1.7736453698057346,3.0201181607143432,31960.59905444635,2.3317997419818166,0.5161999918362798,0.0191140365908503,-0.6446386377375777,DOWN
-0.09576793323863637,0.20604876956713808,0.158935546875,-0.62578125,0.22721706026821906,-0.9637455975891915,0.14848042372405823,2.2933872983285366,2.495273106803507,-0.1253231534090909,0.6699288981953637,0.435888671875,-2.395166015625,0.6815501606027633,-2.08844597272448,3.677716385801972,24.243469716565947,2.2417817632844983,0.8830557528409092,0.5221389189965355,2.16748046875,-0.022119140625,1.025873536726772,0.49526340254588586,0.10741731610639871,14.72683711537293,2.1924402136905536,-40.88008296666322,177.59629063658687,201.9878112792969,-433.7073303222657,182.24056527358638,-0.8789107391307991,-0.4984614515182293,1642365.2126842046,1.8600167491581425,2.44466973234106,72.26380185816168,162.5243896484375,-136.8902473449707,72.3051413738738,0.2700435493982972,-0.3674939989434183,271975.46011692076,2.505930958950261,-4.861224140944306,28.59265249198366,78.40853958129883,-66.00609970092773,29.002952895797335,0.33141661432576885,1.0826579321192096,42582.814539310806,2.446808900111148,0.06517485765821215,-0.04819215395158162,-0.6805627539235248,DOWN
-0.1895818536931818,0.30535440771772593,0.69208984375,-1.028564453125,0.3594198012942334,0.025655200183044045,0.9422792406247957,5.036695996352605,2.5705319809440983,-0.02170099431818182,0.7811671467498408,0.77861328125,-2.853564453125,0.7814685178020192,-2.2935776284157323,4.933151267891982,32.96289082612311,2.3075763065933206,0.8415349786931818,0.7625340877573337,2.547509765625,-0.594677734375,1.1356228931102272,0.4683184438359276,-0.08804612573151127,31.409127872330806,2.084177199181287,-29.79561937694197,211.54723432622475,327.5548858642578,-453.3841552734375,213.63522950377413,-0.7892183717936131,-0.45992435815687216,2330313.1867692536,1.8720176133573088,13.073735412072253,70.6349708822164,136.59756469726562,-149.2073226928711,71.83468291261839,-0.21385873603684485,-0.4071521050554967,259840.87679717518,2.4172604611917023,3.8131211611959674,39.77596583865825,62.6707332611084,-87.15244140625,39.95832017725555,-0.991669306133983,-0.2679194732739254,82386.37024646816,2.1830696350525867,0.613037783833632,-0.24150267799674968,-0.16642059191907155,DOWN
0.05365827971813726,0.22285398116253746,0.442333984375,-0.439599609375,0.22922283460053114,-0.6520311106186972,-0.3310509104486514,2.484149920940399,2.0379102231901647,-0.18124042585784314,0.5851075850676091,0.596240234375,-1.6248046875,0.6125348790630472,-0.9130531903200731,0.16926643107228356,17.124127976069083,2.0682888862643973,0.9239975873161764,0.5981943115409231,2.20205078125,-0.025439453125,1.1007306553948766,0.5736345234527533,-0.4500876536531715,17.898703187887488,1.9707713092403945,-44.9259939586415,168.05027878182452,120.73170928955078,-389.4817199707031,173.95183566671787,-0.8517849130272525,-0.7582204746093382,1412587.904090113,1.3233118626513003,-6.465208238246394,37.55027048160762,54.987806510925296,-95.2012222290039,38.10277851818397,-0.49712710098793944,-0.12539317615875945,70528.25648542623,2.2625235755616484,8.352343753739898,38.324982128352815,77.50000305175782,-59.54878158569336,39.224557375695156,-0.13376245850381208,-0.7331954289151805,73468.45899260386,2.329670653249768,0.01547099815149284,0.03542125809381471,-0.9480779264125494,DOWN
-0.05754132952008928,0.24248006753501805,0.45634765625,-0.682958984375,0.24921393972795022,-0.4872998848313545,0.08872183422300761,3.179753028606546,2.5767550140302977,-0.1776785714285714,0.5926416143719991,0.5017578125,-2.12412109375,0.6187032873925492,-1.780788808231095,3.114088590225342,18.99101653921193,2.3125271077208094,0.8756016322544643,0.6155373270973975,2.038818359375,-0.360009765625,1.070310431350125,-0.13082836487359278,-0.5123546381953625,20.48624144521253,2.068906862158581,-48.275460884863875,175.67681260428398,181.3048828125,-440.3963500976562,182.18908477306408,-0.9613971923776292,-0.4675957295930697,1728823.288614061,1.9010937246563993,0.9859863858473917,74.81251990541712,172.41463928222657,-163.64634704589844,74.81901699268381,0.21671787877205334,0.08234989272551241,313523.63403983286,2.3053202912512045,-1.7746042214987567,30.991563552588406,95.1890266418457,-48.00609817504883,31.042329673803273,1.5019275355656756,2.268506541811881,53803.27258878406,2.4867515422244004,0.42486904664015396,-0.12943899588558042,-0.4363146623252764,DOWN
-0.18147479363207547,0.264833288234361,0.240087890625,-1.09609375,0.3210448119512734,-1.748618039233061,3.766128843567314,3.6484056961977926,2.2920827135547888,-0.2210228110259434,0.5699497951801984,0.342822265625,-2.048681640625,0.6113050400739061,-1.841028008836008,2.9752717866021623,16.897839596183214,2.2898534932130166,0.9059929613797169,0.44664003553801146,2.017041015625,0.101806640625,1.010104235915772,0.35929479515760143,0.036999903853883076,10.377034919615145,2.1911085035186044,-50.63651901748445,166.66198247575366,173.28049011230468,-433.9024475097656,174.1845959347625,-1.1030830661029998,-0.10155882583678322,1446349.460372672,1.8177710442082418,16.562556830158943,57.68799261657215,140.87195587158203,-67.25000014305115,60.01852031566529,0.4430221742951688,-0.845357287482031,173298.2979942199,2.3046397586196123,-0.36336960306874055,32.35260096749994,101.88414764404295,-34.573171615600586,32.35464150366547,1.4793388490752555,2.0867800363470783,54504.78355572152,2.3985334992501275,0.7993483583388754,-0.31724528473095953,-0.4844749945836119,DOWN
0.03653564453125,0.18090693972305588,0.375,-0.30693359375,0.18455940550748212,-0.2885789682565368,-0.7445443754160634,1.508167605018616,2.3297938865143237,-0.13527933756510416,0.5422355688252849,0.3337890625,-1.775732421875,0.5588558949061321,-1.826488495535097,2.5187193866259534,13.548670941162111,2.0850249931319293,0.9708841959635416,0.4844998118846631,2.336181640625,0.22197265625,1.0850604543932318,1.3603813761404158,1.6035739129295612,10.81683706111908,1.9604878949021731,-29.36534709334374,160.48964670359857,166.56707458496095,-369.5548889160156,163.1540692381236,-0.816851528988829,-0.6884302483208051,1186889.9538937889,1.714276555966303,-15.030996130406857,63.917797460579244,109.81707458496092,-151.8048828125,65.66137126868381,-0.029767687943570542,-0.5902576339094225,188271.94780500655,2.093911972096042,-5.074187139173349,23.10081726267509,45.10975799560547,-40.38414840698242,23.651535538456265,0.4323994894035556,-0.17016181320809842,24593.990259193553,2.30539522256695,0.16388732215226234,0.09655561102193815,-0.7441698791863507,DOWN
-0.106466796875,0.2721450399678143,0.27587890625,-0.96806640625,0.29222953583767974,-1.734939510441417,2.6449762110645993,3.5607413420310383,2.111516696772419,-0.1827802734375,0.5301325142590282,0.471875,-1.77470703125,0.5607576223579007,-1.3753122079256663,1.755981746316218,13.512250129351251,2.2262949046051363,0.9729414062499999,0.5829448361414207,2.55908203125,-0.004052734375,1.1342132347930327,1.120918010885715,1.0954194283756484,16.337875303671915,1.9693820146745074,-36.151602131712664,156.88362076087756,108.48780822753906,-395.5670776367188,160.99505830842293,-1.0294581130835794,-0.41542835891148133,1231096.839891817,1.7940028612421681,9.665231500887407,96.37180508486829,217.81707458496092,-118.0243927001953,96.85526064846242,0.606171292109679,-0.7542270282789723,464554.84701224073,2.180766073532467,-10.325561866339514,30.5706974446587,36.87195129394532,-62.97560958862304,32.267394845392566,-0.3368138522819044,-1.1679840982555678,46746.34956537873,2.2868695553560157,0.7742360472832117,0.05457046557474192,-0.4385167670804465,DOWN
0.0011278339460784287,0.21525710071447104,0.69599609375,-0.421875,0.2152600553224166,0.6814209519227036,2.0711083060863746,2.3176720400039965,2.385963499823649,-0.20425762101715683,0.4574076104524181,0.407275390625,-1.459814453125,0.5009420104596735,-1.0869708627336583,1.0222336468259643,10.46510959964532,2.1370895939454133,0.9612716375612744,0.5068504909438594,2.222900390625,0.2130859375,1.0867109005387612,0.7726638441742903,0.3173972311832318,12.849811343504838,1.822404824616254,-26.5052616259631,180.1414590399828,142.09756622314453,-356.5853759765625,182.0809549593657,-0.7650853252538531,-1.0182263301998433,1623171.3198924032,1.544562089424458,-2.4659259609147597,60.190571841140276,128.42682952880858,-126.61585845947266,60.24106348171638,0.3917189136547835,-0.48950251407970047,181214.91817699192,2.1758790949758997,3.9323286121966783,46.996898638194565,112.0731704711914,-66.65244216918946,47.161124773726876,0.4715547489690075,-0.48810108296667565,110477.89924354458,2.0877451862039367,-0.27354385846807294,0.2583146839767127,-0.8216887101163706,DOWN
-0.16496233258928572,0.2339214090896091,0.26005859375,-0.9802734375,0.2862373085461893,-1.5115285343375349,3.3684283170026026,2.6276172147750856,2.4191705953656655,-0.14181281887755104,0.4466224479817606,0.344677734375,-1.500146484375,0.4685962938812229,-1.7191980966019753,2.4642675701311934,9.578626762199402,2.1321092996474813,0.9531608737244895,0.4338938004239219,2.10947265625,0.36142578125,1.0472724006893082,1.1434002835782051,0.9343513137299704,9.040429118824004,1.8643299900372758,-26.263847414652503,153.28646406790057,123.32317504882812,-328.0914733886719,155.52019080318777,-0.7955547713280468,-0.9750159904407716,1082732.6418088507,1.6452412769136546,22.34070160537958,67.15140775474116,171.28049087524414,-69.68292694091797,70.77018094977659,0.46148081565851634,-0.8941035560474906,207829.7086591659,2.400751413048166,14.046367374807595,20.68887828082433,56.21341667175293,-21.20731735229492,25.006601547327936,0.1073923973888148,-0.76133881693606,19726.791057779432,2.2711518011514826,0.8002357401562249,-0.5041202502677815,-0.6592779092840819,DOWN
-0.03090521364795918,0.1969095423857597,0.346728515625,-0.605029296875,0.1993200946046216,-0.6929486682304506,0.9434350581157815,1.861897125720978,2.3486859351892706,-0.17845184948979592,0.48906062164454134,0.308154296875,-1.629736328125,0.5206009548874012,-1.601254174476867,2.013473396913107,11.485437604713436,2.1358366541768894,0.9615114795918368,0.4997879374184262,2.294580078125,0.217626953125,1.0836476861858044,1.0359103096934181,0.9280134829130584,11.994818914318085,1.8503588788099086,-25.51243451342863,171.67088450965446,146.84146423339843,-385.2195129394531,173.55626437305312,-0.8611273996833076,-0.761245010489171,1474111.3773507467,1.5640892112945124,-4.18316540998571,76.97374591066331,162.23781127929686,-147.60975799560546,77.08732990814158,0.07642188029224604,-0.5020850502286263,296361.819467497,1.9348808959929855,-8.842180641725951,44.17232897704265,80.87805252075195,-69.40243988037109,45.04862712399785,0.2674099681536784,-1.0365862750616666,97597.25533678982,1.8230045655875335,0.45999796930610126,-0.29181991344291824,-0.7880707940222855,DOWN
-0.1538299560546875,0.24526665818203025,0.479345703125,-0.76689453125,0.2895157836726142,-0.11690190841417515,0.7444139288179681,2.7720122138977046,2.373699942289402,-0.22863871256510415,0.5610776711047709,0.4203125,-1.9431640625,0.6058744208957677,-1.6986868462372873,2.4949518837944638,14.506566188049314,2.10507039519581,0.953948974609375,0.5673999621939533,2.528125,0.146630859375,1.1099375492594066,1.2965079100306165,1.3269018325309014,14.835304334068296,1.9748897217138193,-36.20693631768226,184.3675900684787,173.89634399414064,-399.8353759765625,187.889197414783,-0.7496459041962016,-0.9496520911400377,1566333.501255628,1.70944355142233,23.750381242732207,79.66718532973863,200.9817108154297,-115.44512405395508,83.13206978981124,0.6644620153481532,-0.3555707336845475,292470.3593290038,1.909511015322983,2.9105690021067865,19.72358148961849,42.19512252807617,-26.201219940185545,19.937178303201435,0.3529892975048938,-0.9877364255646897,17930.75593250725,2.3246278251763464,0.4250561279357658,0.15298167581012379,-0.6370694733973679,DOWN
-0.15717972735969388,0.19394231195082168,0.131396484375,-0.806201171875,0.24963791189981047,-1.6052642166586462,2.7725922885684238,1.8062060499191284,2.1346547245489997,-0.1432178730867347,0.5192685384682317,0.62939453125,-1.551953125,0.538656824160264,-1.0138229021229026,0.8464410888237199,12.948103918361664,2.1090067690098024,0.9552176339285714,0.5930455756991034,2.45556640625,0.1392578125,1.1243414886165053,0.8386244965339087,0.3143592634335639,16.88878069419861,1.866004462485747,-45.55297336379687,156.8675396739338,96.4268310546875,-396.77439575195314,163.34778353450648,-1.048802921750398,-0.37334532020267464,1133916.5497375603,1.6121698640711846,9.859248276551567,62.71214736662431,155.12195281982423,-63.29268341064453,63.48242437015059,0.8511541853086603,-0.2753596211942688,181251.93043110572,2.2288162714515236,-14.372205508251986,29.079875789116283,43.78048934936523,-83.81097717285157,32.43762425150554,-0.20973766527027685,0.060389884985654785,38967.357806659566,1.8908676469018566,0.537381571884917,-0.20631182271585508,-0.8283989281463728,DOWN
0.009275568181818182,0.16524349000448654,0.40146484375,-0.270654296875,0.16550361673981148,0.24050229088026817,-0.31538939683610323,1.4749797900233954,2.651669494659258,-0.0304580965909091,0.678749856563466,0.556640625,-2.33525390625,0.6794328984034163,-2.053686313202923,3.7140780812784158,24.886100670525018,2.1410038024565337,0.880807883522727,0.5907931463732816,2.349072265625,-0.096044921875,1.0605937344136198,0.7074035736394423,0.156894610346765,18.854206052677974,2.255701053645804,-33.09677151574028,197.128410627638,238.7317108154297,-463.7926879882813,199.88748475415812,-0.8827814191813073,-0.5106816342677467,2023478.2028489567,1.7205725222678032,-11.238256764411929,76.21295151781302,108.21951446533204,-203.3719543457032,77.03708453828825,-0.8431477038459272,-0.0904978219394934,302528.68328925595,2.4802765581362674,3.8098466025458437,21.522415661103842,58.10975818634033,-31.09146385192871,21.85701962812538,0.572412962053263,-0.17845700536806186,24123.68567695261,2.6109058591128997,-0.162572039701296,-0.23548811795986688,-0.44061812122093724,DOWN
-0.1016830755739796,0.15765408738630407,0.151708984375,-0.665087890625,0.18760133029323658,-1.7726272265998102,3.678665885742137,1.1935280371665953,2.437486544504122,-0.1713956871811224,0.53561600952378,0.443505859375,-1.726220703125,0.5623708662817333,-1.444944602822884,1.7691830176870127,13.776194153785704,2.185205999593463,0.9319306042729592,0.49074419274421915,2.075634765625,0.091064453125,1.0532447549799326,0.34486159521615817,0.03276386913434548,11.564650007438656,2.1408156148742665,-43.38744988838831,180.1309300872481,123.32317352294922,-404.8170837402344,185.2825485087963,-0.8006930235970994,-0.9555030017596344,1495170.8709040692,1.5814923889073103,4.675686301290988,60.073947996254645,125.8353717803955,-73.76829376220704,60.25563268479378,0.3399426984334794,-1.1555616267796551,166319.18504135462,2.3651621557055185,-2.43165654912591,27.46148004253327,60.60365905761719,-43.13414764404297,27.56892888197436,0.36156097761610484,-0.5404293335144614,34753.82339312228,2.306021263259434,0.8142000912875503,-0.5158284043980728,-0.6612480464406759,DOWN
-0.22004045758928573,0.22394910004273735,0.22861328125,-0.743896484375,0.31396019235892664,-0.11847888848776301,-0.22486303195769208,2.408356635665894,2.361925916260324,-0.283089524872449,0.7048957428558638,0.4171875,-2.39384765625,0.7596168029926859,-1.75155975476225,2.3726087324758094,23.860081958389284,2.091162005278403,0.8353675063775509,0.6486125709061941,2.392236328125,-0.180419921875,1.0576091611975524,0.6778436317852174,0.017848166415145972,20.20193078794479,1.7446422416250493,-45.8606478412946,196.01140073379545,205.18902587890625,-471.4817199707031,201.3049135963844,-0.9353707702589873,-0.46753438498741096,1770421.1896429793,1.6942755053378613,21.732597010706858,109.63632695105242,321.2622009277344,-92.34756317138672,111.76953950047323,1.3758405729286896,1.089681521685172,553933.3908385661,2.1149100889204053,-11.338033979013561,31.399120187547513,65.55487937927246,-80.65244140625,33.383465414203485,-0.12313238097354551,0.4309610794566958,45434.38694790797,2.3240103688108267,0.6961454814917716,-0.40013533451121447,-0.8078963959711017,DOWN
-0.01999557783018868,0.15938260709046237,0.420654296875,-0.345556640625,0.16063199735954178,0.12042400788481995,0.6865628929974781,1.3214168255417436,2.4490914197778957,-0.24148732311320756,0.7284400872881059,0.45341796875,-2.3962890625,0.7674249722237909,-1.5855829638814347,1.864793386053397,27.602324348114152,1.9602453935956705,0.8724121093749999,0.6816006504696333,2.657958984375,-0.265576171875,1.1071053858168898,0.8622466327357148,0.7145764252563933,24.166734552560033,1.7644706994104813,-23.23015286314722,205.8216281969344,191.7682983398437,-450.4573303222657,207.12842063725176,-0.846362660386006,-0.7114012680292374,2118941.7959632715,1.5334685397871688,-0.3633432661785826,88.4437942879016,221.8292724609375,-140.60975952148436,88.44454062501387,0.9063079138713418,0.3887488217084649,391265.666339495,1.9427157093072784,-7.813964794663822,17.323510273061256,22.067073631286625,-39.45731811523437,19.004264100277716,0.17843502881268034,-0.9833643567182784,15010.971639969495,2.4875454425053887,-0.3756987779142233,0.3946258403235718,-0.9048267216930926,DOWN
0.16521809895833334,0.1795005761327385,0.485107421875,-0.21669921875,0.24396204019353232,-0.8075257252759098,-0.10532037606420008,1.4849210014343261,2.3092052759743216,-0.16563720703125,0.5663338086072869,0.440185546875,-1.77421875,0.5900590369825278,-1.4812681102979859,1.5296877451484407,14.77989928283691,2.0545237919186063,0.9191925048828123,0.5663443300805079,2.4072265625,-0.003076171875,1.0796577055933416,0.8133890147164687,0.6687418539242103,14.780536336517336,2.065332448928337,-42.779675437079526,176.78465797475187,146.42073669433594,-361.8536743164062,181.887096644462,-0.5622409003479553,-1.2341956652828039,1375803.2820191567,1.4752228838875017,-19.11490591790941,53.063333418943046,64.01829223632812,-126.36585540771485,56.401214364412816,-0.24827680545692435,-0.8614456918022189,123952.77480213226,1.8302687462821448,-1.1574525190724267,18.284769971345945,39.37805023193359,-27.713415145874023,18.321367559190048,0.39063971689941007,-0.603072084086322,14717.911872449888,2.4104582159763974,-0.5875575736162384,0.4961300878388965,-0.8141392274300155,DOWN
-0.07660833864795917,0.17275288705562214,0.4306640625,-0.45673828125,0.18897724078960657,0.25965778463435474,1.5581518714204217,1.433087750530243,2.4123632120991,-0.21250996492346938,0.5018969675741852,0.3994140625,-1.492626953125,0.545033073539521,-0.9011046771969106,0.2965257629766649,12.096265182209015,1.8754886118842653,0.964112324617347,0.5858787832713471,2.581591796875,0.145068359375,1.1281695453993512,1.114622086047543,1.0619681223610211,16.48305461597442,1.8253169493848769,-27.4016767680645,172.61020311304353,150.16463623046874,-331.43292846679685,174.77166277296678,-0.5472790422199506,-1.2063292997261967,1372943.8108037696,1.635329475181997,5.00876566370328,69.89610298107912,146.2500030517578,-112.597562789917,70.07533764039609,0.5180914002739536,-0.9859210680630275,225198.01702061997,2.4700741230164978,-2.7715955566614867,11.977575767308455,15.567073345184326,-26.1890251159668,12.294066178092603,-0.7009246590766088,-0.8541653385308399,6615.997306686078,2.6542075474252176,-0.0190140949954193,0.34844645170114785,-0.8605788689336056,DOWN
0.05124240451388889,0.18119209862001034,0.543603515625,-0.345947265625,0.18829859431947063,0.34561479470670015,0.7285576924014818,1.709545080491475,2.3189672764182707,-0.187890625,0.5755600461647598,0.504052734375,-1.888232421875,0.6054521068623604,-1.4624036234368714,1.7939293918319876,17.24994384339877,2.0554840535078975,0.9146719473379631,0.5647328856895826,2.32265625,-0.04990234375,1.0749641870435984,0.5619679885343574,0.2598463525326711,16.60697038037437,2.128611997965291,-28.297764451415443,182.33531026146306,193.5975646972656,-371.451220703125,184.51809895262792,-0.7885083708461506,-0.85926943185446,1731177.999597591,1.604173745640427,-8.982724078937814,74.13469090730233,70.87804870605468,-212.0853729248047,74.67691562859022,-1.241806800039931,0.9185246442810135,286182.3792015353,1.9872484143162783,1.751242372835126,36.94201619959247,108.64634552001954,-45.390245056152345,36.98350187231283,1.118588452359339,0.9793276607208767,71076.58756705603,2.447133061943354,-0.2801395486509112,0.4010366620111856,-0.6076036521943272,DOWN
-0.014841757015306123,0.3013334215930453,0.812451171875,-0.652490234375,0.30169870520151953,0.41550835979128686,0.8488339008953001,4.3603039231300365,2.174124749437256,-0.228890306122449,0.6266663762901777,0.379833984375,-2.075,0.667159290881489,-1.6466521546965542,1.9815511084748856,18.857970079231265,2.092275603189469,0.9349459901147958,0.4971650438772327,2.270361328125,0.2640625,1.0589131622966952,1.1265269571193681,0.8172185286315781,11.8692513425827,2.201247710374362,-37.10149894754091,181.49561828644738,186.4085418701172,-367.8414672851562,185.2489694474282,-0.4830457623541125,-1.2332818201901279,1517919.1014487597,1.695337922176582,-3.3527691279848413,94.43077014408719,173.37195434570313,-166.2987838745117,94.4902715142199,0.04295600662752464,-0.870948072596482,410922.43728715315,1.915808963492272,-11.256987085814279,28.895297435533255,59.39634284973145,-57.219513702392575,31.01061063794333,0.5553867576705215,-0.22002931312102536,38481.420594956006,2.3875494565933764,-0.22718701520604062,0.46462642686412153,-0.7183139090156218,DOWN
-0.07484430277122642,0.18285293145699724,0.288818359375,-0.550830078125,0.19757748910168973,-0.6070795397129113,0.46915621706188704,1.7392492864750049,2.312826768591552,-0.2100318764740566,0.6400846385381124,0.51103515625,-2.1123046875,0.6736629228536177,-1.5596641724656461,1.993050215220272,21.312421105172895,2.0435019719138383,0.8818967423349056,0.6069981695961462,2.321484375,-0.203466796875,1.0706019998271956,0.25539644123051414,-0.003550903746676326,19.16605553891923,1.8757862462663009,-28.564476500617136,194.7841936430078,163.34146728515626,-437.3536682128906,196.86749709109188,-0.9608505724250324,-0.6575757643520861,1975637.4396751188,1.6672041151631318,7.459575388828913,64.52028283038518,164.9207336425781,-105.84756317138672,64.95007437635864,0.8088680144813046,0.27384833766572747,216772.700074303,2.1289178463284584,-8.122516040890305,31.97694856036661,70.46341476440429,-61.55487823486328,32.9924310420868,0.4439723368296115,-0.20316598607634218,53254.463920712784,2.335750685656657,0.14016795894942297,-0.08431510110007248,-0.7393829028588013,DOWN
-0.073115234375,0.14641099757229142,0.268798828125,-0.372900390625,0.16365212405534094,0.2305953628501524,-0.5533542104898297,1.0308293991822466,2.581541865820034,-0.2120048828125,0.7212332058814044,0.4953125,-2.393115234375,0.7517469039525938,-1.7604881322819153,2.3283536744337514,25.008977026664294,2.0224228580648,0.9166445312500001,0.6572042768817518,2.8443359375,0.102783203125,1.1278983368292543,1.464725263441935,1.7602653440379363,20.765569189878615,2.0256080262333027,-38.38186100920042,201.6424108547412,200.7012237548828,-443.7256225585937,205.26282934287406,-0.6692129998040961,-0.9889388540856205,1873610.8017918628,1.7034736542949265,10.203379487494628,61.809188667330965,156.06098175048828,-77.94512596130372,62.645708206385066,0.9524886621421199,-0.0633924847230225,176054.99984512647,2.0810957787604085,-3.608739839990934,21.232637257329753,33.75000057220459,-36.4634147644043,21.53712813106904,0.10376818712667432,-1.154067553685166,20780.596490876713,2.3626918408510846,0.23686070144061197,0.07469837159004676,-0.8100984584519023,DOWN
-0.0038763552295918366,0.2010713547980947,0.54619140625,-0.410302734375,0.20110871649485326,0.9069498556348925,0.9934014787786647,1.9414337003707882,2.392816696067279,-0.21484972895408166,0.6796359807985722,0.541259765625,-2.139892578125,0.7127871157840043,-1.4950364929067244,1.6254370101138695,22.180681288337702,2.090336197516285,0.9021544164540817,0.6891693845540647,2.88837890625,0.006298828125,1.1352695854880606,1.3786992274736485,1.5889439374671062,22.80731223793029,2.0309860357938425,-50.56123038729032,203.03766127782114,177.7561004638672,-444.70732421875,209.23845228696348,-0.6049744282608627,-1.1379461061345777,1899625.9843157916,1.6143137559740155,8.526295785109202,85.5256404952974,164.39024658203124,-166.4573211669922,85.94959512380512,-0.0063921893279564115,-0.5120020666705645,337080.48423380166,2.0086430368008648,-13.114456766843796,17.352486456618838,13.9329270362854,-39.43902587890625,21.750810617458722,0.04497462881930828,-1.5180643552059911,13882.438534179362,2.3337195229766285,-0.7537255529235201,0.6730481603657857,-0.8247114134594136,DOWN
-0.21828313459429824,0.26471897995286703,0.1884765625,-0.893017578125,0.34310882412960314,-0.6086424771909992,-0.16428891119482003,3.925471956729889,2.459403707427443,0.026663582785087726,0.7158240623291153,0.58974609375,-2.604150390625,0.7163204833426826,-2.467910521928806,5.5049801330464785,28.70346349296899,2.278661670776866,0.8304259183114036,0.6719439641371167,2.255712890625,-0.361279296875,1.0682302639148735,0.5250336683047696,-0.2624771019230039,25.29227132525937,2.177635610830074,-24.244758572494774,199.08721855902704,231.20122680664065,-440.006103515625,200.55804374746072,-0.8970756008001999,-0.6905909800070247,2220283.727732901,1.9949758106642441,1.0825846504746814,77.89584778287201,128.44512329101562,-168.37195434570313,77.90337021809654,-0.36887319988704864,-0.8673607709914948,339899.35030669614,2.5756063154738076,3.934424280702022,51.76372030401356,107.34756317138672,-100.10976104736328,51.91302759551521,-0.4510643322637834,-0.3702719312302034,150097.23140215105,2.4359943508680866,0.3202965082086774,-0.6433052866616074,-0.20975604950232743,DOWN
-0.1236552734375,0.1647933591390024,0.1767578125,-0.448876953125,0.20602785701263582,-0.31603353307864646,-0.6980660071015792,1.305622281569701,2.2068735757534057,-0.258537109375,0.5860064228148538,0.39052734375,-1.867626953125,0.6405036803206067,-1.271542381727824,1.115187397065374,16.510127695340376,2.0374894653650744,0.934150390625,0.5696453020681418,2.5,0.22587890625,1.0941356051573976,1.2659887506807455,1.086480595700122,15.60113847714204,1.966431774443887,-38.11077348391215,183.38745075702553,165.56097717285155,-377.4512268066407,187.30560095924127,-0.584531364090073,-1.1618201026435102,1549731.0411998632,1.677238892264435,14.069487331310908,67.95717267676902,154.34756469726562,-81.79268417358398,69.39832701143537,0.7813035845583366,-0.6720974561139634,212830.0170074156,2.1664103411118028,-11.048653740560015,17.497754794106594,6.835365676879883,-57.121952819824216,20.694061281282394,-1.4448121220244643,0.7835531530583784,14109.572865116335,2.063022180057288,-0.05571106569744232,0.13033780115253654,-0.8782789178312868,DOWN
-0.11941085188356163,0.2802274108161686,0.391796875,-0.8318359375,0.3046085247006255,-0.35365646813621915,0.051133540062233696,5.655034108741862,2.572075089216765,-0.029835322131849314,0.6176249400600833,0.6708984375,-2.496337890625,0.6183451407029351,-2.464136264691891,6.452836995269482,27.470315666585353,2.54196054659022,0.9098626123715756,0.6700165176584779,2.3853515625,-0.490869140625,1.129943408904544,-0.25696264455445883,-0.28861886530518444,32.32846015865739,2.353797608553053,-19.05318504795432,180.1810281150571,237.15244750976564,-441.6585510253906,181.18561408972457,-1.2341937835985055,0.40397760424913853,2274319.417801829,2.0898682523355334,0.18436658928791536,52.27312295645214,69.03658676147461,-137.9268325805664,52.27344808465968,-0.8216160443859524,-0.15555827885390983,191421.89886764594,2.469197760367552,-7.294122483995228,54.52549151302981,101.89634399414062,-141.04268341064454,55.01121201672447,-0.9120342384010376,0.6666314329650054,208272.9668901884,2.2776820236393043,0.5578550685009885,-0.6778585102056028,-0.24540568774435026,DOWN
-0.07522017045454543,0.21818535255690535,0.340380859375,-0.695458984375,0.23078761256530206,-0.854590671317005,1.1178886195036082,2.5715118823732652,2.529643960675819,-0.0071644176136363555,0.6335327761164531,0.52939453125,-2.141845703125,0.6335732848641603,-2.0875677301290154,3.7087421493396153,21.680811244675102,2.1688387057630067,0.8841139914772729,0.605825967783782,2.106640625,-0.3689453125,1.07176613734855,-0.18020889344534138,-0.13064814786773749,19.825909594723157,2.0070779667136707,-21.91553665090491,180.56511505370423,189.52439575195316,-388.90244140625,181.89021832153207,-0.9237057450712995,-0.6989358429193966,1697740.302358033,1.8078803939913157,-3.3162834591335724,74.60788562550322,140.62195587158203,-137.8597625732422,74.68155283260714,0.11421682114206344,-1.0407175954194023,289897.0401979122,2.3645051969225297,0.9925472021102899,35.63845519086507,73.33536758422852,-58.98780670166016,35.65227395748712,-0.03647757452481536,-1.0206739602070964,66153.40834230736,2.4936637453939188,0.1759665555161033,-0.7876313886089156,-0.39185171344697134,DOWN
-0.05420435855263158,0.15498749835407327,0.190673828125,-0.471044921875,0.16419268294341288,-0.8427835704949286,0.17115233825915643,1.3455971375004996,2.664724958457579,-0.02304430509868422,0.6675003861230652,0.507666015625,-2.49599609375,0.6678980502082053,-2.439383030908508,5.319229665972998,24.958860879766533,2.3436460563900456,0.9083701685855263,0.5393652422391502,2.084765625,0.11923828125,1.0564332575756004,0.6049245037253629,-0.5856714010737258,16.296248187525517,2.260121598622269,-26.634574669285822,162.2647614458521,222.3658599853516,-395.5304992675781,164.4361680862609,-0.8419165994810354,-0.31426705600194405,1474925.7201758728,1.9531539766898918,-7.177150754761277,64.85724552810983,123.57317199707032,-166.06098022460938,65.25315157484803,-0.4139819473468061,0.07365725785712929,235634.413871663,2.385325299564319,0.8549422046594441,20.235806992185825,52.50609798431397,-43.29268341064453,20.253859158153162,0.0003551117251893584,0.22445698066116648,22938.38167494162,2.4763513974744713,0.046774742412194835,-0.10712783596433255,-0.12203331478739672,DOWN
-0.09804416232638892,0.17540293919379188,0.374462890625,-0.415869140625,0.20094489006716326,0.46976236165712976,0.4738278012992372,1.602058575919696,2.048126670056121,-0.07102593315972222,0.6051756039957491,0.544287109375,-2.1103515625,0.6093292991911918,-1.9784316161792315,3.5559846802370423,19.070590454425126,2.2146611592707885,0.901365379050926,0.49995190062018524,2.24169921875,0.0154296875,1.0307334522005942,0.6514571520364536,0.6889512512465914,13.01535758154733,1.9995861172266134,-31.54663548292937,152.63103488796764,121.4268325805664,-398.7012268066407,155.8570595810944,-1.1472385572939252,-0.15837302584215696,1213076.6177817408,1.9457232349849582,8.019874222079915,74.88579624439203,114.33536834716796,-161.08536682128906,75.31401504165464,-0.5491943792401394,-0.5207377518213212,292048.3981065702,2.259114420425065,2.288956678355181,22.641673722771344,62.12195167541504,-48.94512252807617,22.75708047276322,0.25010369920711134,0.3200502305430253,26696.53185357555,2.484576378658654,-0.693452891250246,-0.007587436020781625,-0.4535511262884814,DOWN
0.14939004866803277,0.9422800797760817,2.670751953125,-1.163720703125,0.954048811845524,1.3945408992032857,1.244752600761731,53.28782575922628,1.892943175838266,-0.13675877305327871,0.2632808905209139,0.1810546875,-0.85380859375,0.2966812925017748,-1.1695361523437942,0.6305645834903082,4.160127652152891,1.9584347233075905,0.9248575179303279,0.2555279459420729,1.458251953125,0.22666015625,0.9595081863275695,-0.6458749284125885,1.2177077973366535,3.9187250070418083,1.9829563320654258,-6.121660914496771,68.149591545177,161.1036636352539,-105.21951446533204,68.42398380777412,0.6021543818792131,-0.07997765351020947,288023.3115537005,2.390842443124745,-18.271874458070787,66.14903003431579,91.93292922973632,-150.79268798828124,68.62620177958496,-0.43395604893788314,-0.9714455209305433,271361.40903928643,2.1276112222684374,28.03155306861514,199.76291119153953,458.57318115234375,-217.48780822753903,201.72007499294043,0.7423859407419721,-0.49847349581970235,2474747.201711818,1.7712645545421055,-0.13649081764961976,-0.8788833561598347,0.13320328557536915,LEFT
0.2270233154296875,0.7631563137045415,2.321142578125,-0.8318359375,0.796207978417569,1.2343590579998591,1.2107393386714689,36.14463251749674,1.877189025868534,-0.2329277038574219,0.27434509759694126,0.083544921875,-0.961865234375,0.3598896328039557,-1.2472353550759572,0.3677689365897585,4.671013692798038,2.131227269940597,0.9663360595703125,0.26334129943012446,1.5474609375,0.425341796875,1.001575768482557,-0.31345236862421244,0.23516395604823304,4.303854032140791,2.08788326118163,2.473577506201606,59.01584997172082,120.53659057617188,-81.72561187744141,59.067665719612165,0.4260691471304393,-0.6819477937538014,215992.39382115964,2.183235142346249,-9.979578297668033,22.133332482906518,17.432927131652832,-51.35975723266601,24.279134865109413,-0.34650568809065346,-1.3173592099750278,30380.487665387092,2.293807266587795,23.083236630000755,176.42902073624182,431.908544921875,-172.9268341064453,177.93267033140899,1.0135163069584467,-0.04733454628095579,1930372.7226828216,1.8799085587361397,0.0012820361814814376,-0.877344962832787,0.024524968169667132,LEFT
0.22635633680555556,0.6427002166715484,1.75224609375,-0.667919921875,0.6813961841114796,0.9533534146944677,0.12062572485363798,21.508812239340376,1.6412876956956548,-0.1492286964699074,0.22079970193272686,0.04990234375,-0.683447265625,0.2664989910369057,-1.0906138368082954,-0.27579025480291763,2.538626931820598,2.03534185610902,0.9640471281828704,0.2915357219826754,1.464697265625,0.315673828125,1.0071643076229417,-0.575995571674609,-0.2946303947514073,4.425765023486957,1.8538964518150516,15.264228117699718,49.884166203186844,104.80487976074218,-58.22561111450195,52.16729528944684,0.1932229244425867,-1.2332668858754872,124469.356313162,1.898531565092535,-15.202056874013413,29.765758610569403,23.493902969360352,-91.89024658203124,33.42308960678868,-0.8033995488538352,0.02336224216391658,44317.05775208937,2.2390649192302603,45.18723278419643,163.99032826034448,373.7256164550781,-130.59756164550782,170.10206868121475,0.7658200599832183,-0.7888154347223888,1345158.557911449,1.4533046275304007,0.24676012387637114,-0.8200167094877207,-0.04548526419468169,LEFT
0.22383876702724356,0.7462130888759244,2.36748046875,-0.901513671875,0.7790621076872015,1.3406574601433197,1.4739235514180224,42.34725370484591,1.9620491843452559,-0.23233611278044874,0.252102062468003,0.086767578125,-0.745703125,0.3428345361869925,-0.7692334866520002,-0.9113901079071236,4.833392233908176,2.232760404922738,0.9711369441105768,0.34237088549589156,1.611083984375,0.1591796875,1.0297207327482878,-0.6565905522943655,0.18419251352237032,8.914416834652428,1.962685282720071,-1.2328019635799623,79.54703754625726,155.78658447265624,-170.07927551269532,79.55658981547077,0.002095131387082174,0.12313602914376043,481224.6687218639,1.8133409021388105,-4.757661277514238,37.912673171327974,51.50000152587891,-95.36585540771485,38.21002653528901,-0.7988598215638121,0.0034854299652864462,109312.33401426153,2.234868719248354,-0.043465542946103886,171.29874412676398,374.14634399414064,-286.70122680664065,171.29874964126262,0.5513714799981099,-0.07246686610119246,2231554.903189308,1.3931495473502726,0.14422602140440852,-0.9272477628891502,-0.19677405373942275,LEFT
0.30573806762695316,0.4884318657316549,1.25439453125,-0.8341796875,0.5762303822763676,-0.25575292568268404,-0.12909192247050294,14.805998016993208,2.258049342401229,-0.12937545776367188,0.2483577799224132,0.15107421875,-0.9015625,0.28003499052716513,-1.52360092578685,1.8737019520032616,3.827997060833556,2.1114965077293615,0.9106079101562501,0.22828166151564502,1.48037109375,0.48505859375,0.9387860688269062,0.45870180977666286,0.12739878047288267,3.2341751296592474,2.207437550774541,24.514034782326412,60.30735908914274,139.01219787597657,-70.03658676147461,65.09927389469037,0.5812769469990391,-0.758790293898552,225549.43651340186,2.2799889828312545,-20.093883715357098,43.73271853429746,26.46341505050659,-134.76219940185547,48.128108555878015,-1.5166200218152164,1.092784089011361,118608.02516903024,2.109345616687041,52.94096143728211,119.18175576962172,292.506103515625,-90.7743911743164,130.41102831522167,0.8315510281394957,-0.6618617493197565,880887.9783618873,1.962620599164954,0.4314607844869405,-0.8404210943008643,-0.4684346924436976,LEFT
0.32015850360576925,0.605327793889084,1.782568359375,-0.37490234375,0.6847796766009566,1.209592071141717,0.3571426918427383,23.456543080012008,1.6505810022144143,-0.19243990384615386,0.12678486722579846,0.0078125,-0.43251953125,0.2304506870238843,-0.40222396449136644,-0.9611606548717706,1.0290053152315544,1.996954725237388,0.9228973858173077,0.2770467867542182,1.374365234375,0.306982421875,0.9635841980850753,-0.7720083702898227,-0.2568398475490472,4.91347796461799,2.0416348304193965,10.603104054566584,76.5899863599526,139.451220703125,-102.17073516845704,77.32044895245818,0.13919280287428962,-1.0831099788457126,375779.8000082433,1.8296808163490685,-14.427014176321752,44.15076909590922,57.57926940917969,-117.50609893798828,46.44813397547937,-0.8571002675508662,0.1303279199381704,124872.82260620513,2.280678361910597,24.926645145362073,143.89972533041737,284.26220703125,-165.33536682128906,146.04269440260396,0.37459784281306047,-1.0456654548527915,1326504.4207650502,1.813677535758689,0.4044755814800655,-0.933237538030722,-0.23214037206675425,LEFT
0.2046373341181507,0.6739946280120619,2.03681640625,-0.832373046875,0.7043757499404003,0.8903099700460151,0.917329676236271,32.71348938542444,1.9903076533896986,-0.23905581121575345,0.28147939751045276,0.215625,-1.084228515625,0.369294370521498,-1.3580033751292415,1.2355435829897443,5.705677572521003,2.3272582235026706,0.9765370826198629,0.21234748311560592,1.434326171875,0.387841796875,0.9993578574851182,-0.7084870331457069,1.2251432064833745,3.247194002125714,2.215052846951611,-6.368861933628718,49.91849414551567,100.00000305175782,-96.44512329101562,50.32314040365036,0.4252690190703417,-0.12655287703775686,184430.13585364266,2.15893051488604,-5.604471667448678,40.85097246874516,49.19512252807617,-102.61585540771485,41.233627712261885,-0.8896422783487005,-0.4074310411864883,123513.30234193733,2.3724840521022688,8.876261138916014,161.80412592013684,387.213427734375,-177.5000030517578,162.0474102742334,1.0861169532586248,0.11454353372442583,1937707.043445852,1.8046894976634356,0.16658799736428173,-0.771735910274104,-0.11623223961987464,LEFT
0.2575274067540323,0.75548219826006,2.01875,-0.98486328125,0.7981689777968758,0.7175124238081525,0.21233039881021165,34.280875343531356,1.7189306956482864,-0.20934271043346772,0.3112134965319986,0.084619140625,-0.949560546875,0.37507094107022343,-1.2967059233833473,0.1805765604591798,5.817283859327434,1.9987747001152887,0.9293094758064516,0.4826802819821734,2.03388671875,-0.0970703125,1.0471849676337284,-0.13789221614770594,0.6014214889811362,13.993400265574456,1.8542630658779173,10.109562634664872,89.16362941453289,201.18292846679688,-95.82317352294922,89.73492111233155,0.7172622915190152,-0.411785226411844,493033.6953807356,2.1522794697675653,-17.27361634307437,46.76495078178015,57.03048858642578,-147.46341857910156,49.85316883799912,-1.259498691642617,1.1503403092406375,135625.7298002966,2.0657688921346065,28.896536456214047,165.0022431332817,404.03659667968753,-149.2743927001953,167.51343247089147,0.9879915554055999,-0.1635970828072879,1688421.2970101403,1.952150797151584,0.07735584778036622,-0.9275007000148147,-0.09172774078869997,LEFT
0.2864662170410156,0.6538623811366762,1.86240234375,-0.7017578125,0.7138619663292857,0.9415303242852728,0.2264257679371644,26.533145872751874,1.702182000091419,-0.21356658935546877,0.1777754315375197,-0.0177734375,-0.61298828125,0.2778754975655083,-0.7376374833185145,-0.7648927355616206,1.9613700605161262,2.0960565818288464,0.900115966796875,0.3925951530312595,1.741455078125,0.081787109375,0.9820079978627012,-0.2796040812792255,-0.018924331492234714,9.565554532282277,2.1069013004767347,7.213511511068497,87.94463844663657,170.2073211669922,-124.46341705322266,88.23998062006783,0.31361982902282226,-0.8159044104636588,479644.93255721405,1.7558549063110318,-25.77806897560756,74.79249685537626,80.58536758422852,-225.34147033691409,79.11021695061042,-1.2298742802017384,0.8535895170471082,346910.29528569,1.9184682462506406,21.19899321207924,154.8603252082724,340.2256164550781,-162.81098022460938,156.30456690966412,0.6962023671914015,-0.6744613696987027,1487241.374443993,1.807274479446326,-0.039063885332669496,-0.8395711811995729,0.0960272180731572,LEFT
0.15066941784274196,0.7656989486867607,2.177734375,-1.14501953125,0.7803820561065468,1.0368964125541524,0.9860399357943241,35.21434928700327,1.831760882459347,-0.1933381111391129,0.2215685488760574,0.05,-0.6404296875,0.2940616382153269,-0.9003564484274065,-0.8477636343875008,2.9486822351068254,2.1990324657968214,0.9723680065524194,0.33254647094076256,1.603173828125,0.2423828125,1.0276607881503903,-0.699131704066062,0.10614497514471255,6.6421480989456185,1.9594991588079649,7.127337570786475,68.5728071909932,146.7500030517578,-90.15244140625,68.94221367856616,0.4780841716288183,-0.6657097404761645,273043.2361538293,2.016604157435551,-14.246545065244039,43.92086778386316,43.01219701766968,-146.39634552001954,46.173657784321335,-1.3904846354379996,1.2164382503542397,112009.2604547218,2.205417093226926,31.53018386363983,184.70821684418962,407.00001220703126,-178.86585693359376,187.38003592761717,0.6920226934022652,-0.6835601831763678,1981053.6389205637,1.8781702492864125,0.09303950710181982,-0.8979970346908496,0.0893258939010172,LEFT
0.18295218552215192,0.5899365230865188,2.080224609375,-0.46875,0.6176541131237956,1.7936720650822682,2.688369818981328,27.150308212935926,2.11510747964438,-0.15804118868670888,0.1238850602351517,0.147314453125,-0.357080078125,0.20080967474445816,0.09556424976514992,-0.5628663381124728,1.1972974795103073,2.359649749061598,0.9772936857199365,0.25942592658741576,1.360888671875,0.232275390625,1.0111403263315124,-1.232902855864545,1.136437923002564,5.250382560729982,2.138610407500757,2.0413539697726564,64.95844325768226,122.63414764404295,-119.21341705322266,64.99051066495349,0.07843729648882962,-0.6482458485014453,320901.41953085305,1.8948302033655189,-9.663461932998436,51.12018328419617,72.06097717285157,-147.8536636352539,52.025528690637245,-0.9894965497991552,0.36306856088088546,198739.5726907652,2.196691482709781,1.4916355357720315,145.85866332691157,329.8475708007812,-227.28659362792968,145.86629029383354,0.682714000680675,-0.07843976022541987,1617946.0759699636,1.574094907125698,0.31770208667996686,-0.8667313777380429,-0.21504203999603014,LEFT
0.14689860026041668,0.7663774034236923,2.25791015625,-1.30322265625,0.780329112129562,0.8841432461272585,1.2179275254285944,34.10337850616824,1.9476328632342619,-0.09305094401041666,0.2128237105252024,0.15830078125,-0.66357421875,0.23227658070271495,-1.2011815629343365,0.4720427121532751,2.62997318190913,2.1929266909902316,0.9636897786458335,0.24011151404734116,1.395947265625,0.274658203125,0.9931523189544299,-1.022484700528075,1.4006634135810332,3.3476271075587105,2.0411467571071347,-3.1234758369127897,40.99233950256308,70.97561187744141,-73.3780502319336,41.11116635656512,-0.0737368683168988,-0.9337553960609557,97576.08741353049,2.1928744498186883,-2.9360769367218023,44.99091520801078,55.46341686248779,-98.24390258789064,45.08661662880423,-0.7403983508130105,-0.9536338040272763,117533.2379304575,2.0868822304416255,16.17855674266816,161.76237961294973,384.5853759765625,-159.7073211669922,162.5694102724119,1.0427408632810626,-0.1302550212947673,1519389.0905395078,1.6232070223316628,0.1347541235735255,-0.7456174969694216,-0.050838642877676525,LEFT
0.24013671874999998,0.7700817745807768,2.377197265625,-0.745654296875,0.8066545625194808,1.4636914948877902,1.440265937954094,35.618663945496074,1.9054219615763641,-0.21457125756048384,0.3098667683124957,0.113525390625,-0.955419921875,0.3769061404056949,-1.1468744208535127,-0.22798848045105213,5.767059615254403,2.018391298531818,0.9509214339717743,0.386456988190601,1.7763671875,0.109130859375,1.0264504748443959,-0.20564393067209483,0.12941131269372486,8.970278398543591,1.842525118013161,12.415311660274623,92.64023839094263,202.9268310546875,-110.63414916992188,93.4684638407652,0.6355697974625221,-0.5641538484413404,532231.3507762449,2.1030621992032814,-17.96612492392934,40.940267827443485,52.689026260375975,-118.9512222290039,44.708916052226535,-0.7330840127408265,-0.08317268691775626,103944.73199543668,2.137140632084962,18.780488119049675,173.70260814735602,399.0670776367188,-187.69512634277345,174.71491868522185,0.76480638544255,-0.36606174263168434,1871172.4035997286,2.0057590577824116,0.1350976589689799,-0.8978129872711264,-0.3168166719142004,LEFT
0.2637802899894068,0.6495447315780255,2.4138671875,-0.26904296875,0.7010623365348226,2.122177383618474,3.571610211446978,24.477716588576634,2.1879212396444663,-0.18206269862288138,0.31726468664829327,0.29951171875,-0.927880859375,0.365791891140148,-0.9320963259811322,-0.24741710860185062,5.8397767355442065,2.1971874100750663,0.9562963453389832,0.32104304828478125,1.462109375,0.1087890625,1.0087474108817727,-0.944588856921889,0.7641260811232304,5.9796988640626285,1.8065656784264965,24.44461419115463,71.13437916657497,207.0853698730469,-61.390245056152345,75.21727901465498,1.2924531271374162,0.5165994477546998,293813.0886354629,1.9947194084775979,-19.477541052997115,45.05078483048164,93.58536834716796,-102.26829528808594,49.08103319321572,0.3819449240842749,-0.04006495727423243,117846.7244100942,2.2635916531990485,46.289228599667545,127.35964350342424,370.2744018554688,-98.6280502319336,135.51077993160393,1.2375328339817817,0.40160511914490327,941834.2899949006,1.5591431735826962,0.27870607548236337,-0.8105592049718514,-0.577599109506968,LEFT
0.2775910924692622,0.714909875625619,1.978857421875,-0.991552734375,0.7669113018369963,0.7647754301310729,0.3616759876868394,30.674011301994316,1.7625248267884899,-0.19691182120901643,0.30821208042825987,0.066845703125,-1.1033203125,0.3657443804814611,-1.501461707700152,1.2486948622917344,5.7012133636782245,1.9891144939898493,0.9209384605532787,0.4203552164416185,1.900927734375,0.076904296875,1.0123369775504216,-0.08122080623737424,0.46433226068114397,10.604760455316113,1.8391691365376213,18.21026480386654,90.48266919657428,215.64634704589844,-84.89634399414062,92.29695102853417,0.8964760040186319,-0.26720430389726246,475400.9458414709,2.073478289626649,-18.74806950191657,44.69012540585026,38.01829376220703,-143.853662109375,48.46336161307134,-1.438801547334241,1.263669252532858,115966.91082437635,1.8436316731297535,41.76605723381042,153.99713546790898,380.9817138671875,-114.10975952148438,159.56040006586673,1.0086008094502958,-0.30330393959132795,1377040.352613598,1.8513140225243983,0.27002931746100367,-0.9550041372564272,-0.36545365484292613,LEFT
0.22599051339285717,0.5962229195578891,1.576904296875,-0.723095703125,0.6376154655822742,0.7791192068510072,0.07757465588552748,22.04542413063347,1.83260217094942,-0.14837859623015878,0.23251568089778482,0.124658203125,-0.65498046875,0.2758255783689993,-0.8741039097488866,-0.6883707022801215,3.352784338369965,2.017489951504207,0.9409923735119047,0.2830611131161672,1.4798828125,0.405859375,0.9826445139347859,-0.051694489162659105,-0.44129706244505806,4.968914744183421,1.8931574737455872,18.423732673932637,63.988145809902534,137.5061004638672,-55.73170928955078,66.58766199402018,0.689716746049627,-0.7417324159153478,253921.91015355499,2.0584228757754666,-22.606853027854648,48.96588719868957,26.914634895324703,-185.06707763671875,53.93262382804874,-2.09272392169825,3.5650372957184517,148692.26617555253,2.0733936157184965,36.1525355848055,141.19580564236443,356.2804870605469,-120.3292709350586,145.7506821946538,0.9118366929278149,-0.3109688868292171,1236359.3469144448,1.9164664660892,0.17123255380832747,-0.9281802876717767,-0.1542848261089605,LEFT
0.22963709677419353,0.5706398318273187,1.686669921875,-0.899169921875,0.6151121961746416,0.7857183399582767,0.6421941930798432,19.55815424546599,1.802103299872427,-0.12159069430443548,0.17598947390301106,0.1248046875,-0.652978515625,0.21390790510426047,-1.3349924357527692,1.7076510007268437,1.8603006967157127,2.2202179066929935,0.9665574596774192,0.24115810313703162,1.477685546875,0.40283203125,0.9961880111538772,-0.49694173115916696,0.2750902783484417,3.4930695529282088,1.9990888662794497,14.603949192781304,58.271166546570115,142.09146423339843,-62.03658676147461,60.073323386703436,0.7480523722454289,-0.35028495400933535,210575.84388157513,1.9065605543476,-10.936895534538086,30.03364997844733,46.0304875433445,-105.34146728515626,31.963038262363114,-1.2826253574909574,2.0903685767939058,55939.34218827643,2.3345835077997137,31.196573738540916,146.9629018685358,343.2256103515625,-141.47561645507812,150.23754769911915,0.8729411738254311,-0.4440361363916372,1339419.3308154573,1.6737690413627988,0.5422459484390291,-0.8594056012644935,-0.43215688841701155,LEFT
0.20703776041666666,0.5053300238119722,1.44033203125,-0.67587890625,0.5460980380885446,0.9469303975506002,0.5522898837853338,14.827433757628167,1.9535776716959266,-0.12076416015625,0.1338503460641885,0.068115234375,-0.379541015625,0.1802772795438943,-0.41807679776413786,-1.027246948381955,1.0403217446419497,2.222000145922117,0.9764379882812498,0.18989772901532215,1.324658203125,0.4935546875,0.9947322717414526,-0.6399508041666492,0.3348229690773863,2.093931352400011,2.1829795319501244,20.96290710757176,47.65102152349124,127.07317352294922,-34.00609817504883,52.0582685712165,1.0879521193220199,-0.18577861562729092,131843.86708432762,1.7260824568249649,-12.496748122870923,18.312844385636055,24.682927799224853,-49.15853729248047,22.17045293039815,-0.3088701719598355,-0.37369623033251775,19473.068441635478,2.219926812588778,60.672461154659594,119.85156411803743,314.1341552734375,-78.26829376220704,134.33370747546468,0.8177913287151946,-0.5191702175746977,834071.6852912247,1.6452032352030022,-0.1434626372746048,-0.8035308138710562,0.11601418481550466,LEFT
0.2160028545673077,0.5508714998018164,1.6705078125,-0.788916015625,0.5917065509820963,0.7881792678299762,0.877278024184446,19.426000064647564,1.9227152598531057,-0.0922273137019231,0.17483437988370945,0.1220703125,-0.474365234375,0.19766875772866624,-0.7283586539468203,-0.5754430535418478,1.9567550021951854,2.133846992165749,0.9567382812500002,0.2184597678980676,1.312744140625,0.43212890625,0.9813627305941884,-0.3501571068692892,-0.026013879356726832,3.055101993228451,2.064581875885636,19.466318669678675,46.63399352247385,120.1524429321289,-37.84146499633789,50.53381951132937,0.8876248863067046,-0.4999542077370984,134867.1999610789,2.034612812777834,-6.624177361859216,20.8217984976725,28.67683019638061,-73.68292770385742,21.85010339561451,-1.5450222568830891,2.7684382969674814,26886.70632246404,2.3760030570066384,50.37930807688879,130.51814904860512,350.50609741210934,-73.7256103515625,139.9037594683573,1.1646676534158915,-0.06301407966862049,1056435.3800020674,1.6910634084112395,0.27647475920288456,-0.7900911782205026,-0.10924910382745785,LEFT
0.2736895161290323,0.5934981990740926,1.70341796875,-0.627294921875,0.6535641235128616,0.9688352572215961,0.22393025161262026,21.156426361054173,1.6722913522877338,-0.18083181073588708,0.20571392934041313,0.038916015625,-0.614794921875,0.27389480553433676,-0.894652099523003,-0.7529738926041945,2.5417393527179954,1.9810916136336725,0.9442981350806451,0.2543318495440129,1.58720703125,0.42509765625,0.9779486988637301,0.09790764271275719,0.662422306378299,3.885177461802959,2.1559688018278544,8.532215426564218,70.14961562245158,154.09146423339843,-81.1768310546875,70.66659233374003,0.7580562419130795,-0.5462421570742495,285740.07527648774,1.7877761629469964,-16.003658785919345,37.590860712604,45.43292770385742,-111.201220703125,40.85572057436422,-0.8683285482487286,0.17481300695987212,82050.9472156891,2.067784366506249,36.65050958315532,152.6472879799977,331.76829833984374,-155.69512329101562,156.9855228368314,0.6231422759694754,-0.8282585091994816,1353013.887561473,1.7874317400236859,0.1638320161062303,-0.8681143486936217,-0.3935969233504962,LEFT
0.23084647700471694,0.45769033194444736,1.2513671875,-0.397802734375,0.512611486313863,0.6832248775841441,-0.41636849279081956,10.896862145088337,1.8128584948228608,-0.10462761645047172,0.16751922772113192,0.160595703125,-0.428076171875,0.19750855622071536,-0.39728115655170815,-0.9734054701170645,1.4597796456019083,2.0985200102156902,0.9546930277122642,0.18431646753405942,1.240185546875,0.608740234375,0.9723226508554884,-0.3454406071991545,-0.9010298295575674,1.76720225210543,1.6661940459150384,30.307987235574164,44.89128520749999,111.89634399414062,-24.48170738220215,54.164578627114174,0.5778666278489591,-1.01780112170375,100800.12875381656,1.6855542629118287,-17.74497913531229,32.50974090033185,19.31707344055176,-108.59756622314453,37.03738027883961,-1.5657891191507998,1.4139707034295563,52864.48734828559,1.8460831572876266,69.27546694418965,119.14544510456703,302.8780517578125,-67.35975646972656,137.8213604979319,0.6779163974419379,-0.9229289530493672,710054.8474792154,1.5632121491136133,0.24133018831941358,-0.967031759063807,-0.28923818753431507,LEFT
0.2710614604334677,0.581957168766496,1.747607421875,-0.333642578125,0.6419878983369081,1.3741393356507416,0.7480556274711279,20.341623555496334,1.6454673001373286,-0.12483933971774194,0.20956784733293615,0.139599609375,-0.549560546875,0.2439334814594393,-0.9410991808309341,-0.6158675915309573,2.63786816701293,1.7698929783395516,0.9479720577116935,0.28865433944422764,1.508447265625,0.271826171875,0.9909451800589809,-0.5550124611504984,0.23035422744932488,5.004521647617222,1.8724460018484086,9.674312753715212,66.17968170176476,133.1768310546875,-78.36585540771485,66.88305164541758,0.5268037239891957,-0.8652723669931399,271612.9503470787,2.070116286362934,-8.496999853187136,27.8445543928892,38.25000190734863,-58.621952056884766,29.112166113905495,-0.13791683609470562,-1.1286920381272427,48081.905341636964,2.3999102340639404,31.88017977835641,144.9846469458116,326.6707458496094,-140.92073669433594,148.44828632457148,0.687691202448368,-0.7160849250769918,1303602.4127602577,1.8221622187662454,0.35764823293068265,-0.9359089509788595,-0.3635232094233869,LEFT
0.22903672515368853,0.6854736396032511,2.099169921875,-0.813671875,0.7227253503648908,1.0493819953377947,0.9092419855544907,28.20002525014262,1.8489702579667484,-0.1382284195696721,0.2153355404164137,0.165087890625,-0.563671875,0.2558837449764214,-0.7000855125529967,-0.974185960778915,2.7829115914529376,1.9850222497380785,0.9315237576844263,0.14694722126792817,1.1951171875,0.5296875,0.943042945453111,-0.8995214073751824,0.8688245809109572,1.2959574323315766,2.1382884098391113,-2.276727746923764,38.02935869713376,52.67073211669922,-67.46951293945312,38.09744889292294,-0.36826924551803075,-1.2470883681897946,83985.53400936654,2.3795538183919986,-7.992073429624239,49.06384317391601,59.64634323120117,-133.54268646240234,49.71050135232123,-0.9376525021853069,0.08855771450337535,139778.44961419553,2.1885275215539797,21.88943139394124,173.37496098859148,377.6646423339844,-175.9573181152344,174.75132132417679,0.8378883675968521,-0.6223260070428984,1745381.6392008984,1.6667824328673064,-0.012229344460992324,-0.6486883927731627,0.3869406956297766,LEFT
0.27160307785560345,0.606218093219051,1.47470703125,-1.04296875,0.6642805193943135,0.1522705273497409,0.030030115770502075,20.60477085709572,1.9107484956345215,-0.11388402478448274,0.20778735323474526,0.157861328125,-0.561962890625,0.23694968931275998,-0.8755421028082788,-0.5748658710834884,2.4207270577748616,1.7884465932945475,0.9455179148706895,0.318721673615817,1.6216796875,0.302490234375,0.997791377279782,-0.11731258829152892,0.0704203725821908,5.695452055454253,1.6597562251798665,24.86039856358578,71.58933583193644,186.0975646972656,-56.310977935791016,75.78306157445816,0.8589400449383261,-0.24395855871341698,287090.2109100504,2.0032023463001174,-22.314185256288763,34.8221824120554,48.78048858642578,-120.7317108154297,41.35827911785541,-0.8886806735336108,1.5897703103937904,67925.63235193201,2.019841948656689,60.393989742847914,134.77412342366745,344.8780578613281,-102.14634246826172,147.6871637674621,0.6830593219728096,-0.5451222020620277,1017500.7768217882,2.0181705708965008,0.22379983536859277,-0.9815619665181925,-0.3193207828042974,LEFT
0.22855564805327866,0.580555008185723,1.4513671875,-0.788916015625,0.6239245160967624,0.576187177710658,-0.16340490673833985,20.228083247215512,1.728219762393053,-0.12685546875,0.2847771473160863,0.20693359375,-0.7078125,0.31175364245710124,-0.9813203405795743,-0.5191366855379491,4.867189450648522,1.7181194213933944,0.9576275934938525,0.27464314573576193,1.62041015625,0.4439453125,0.9962326361450231,0.25760630131003565,0.22512033302979972,4.526948044453897,1.8684874169091066,17.297154537439344,61.97343477332153,157.4207336425781,-59.34146499633789,64.34204047662148,0.8793160224711118,-0.26297642486783346,223015.9504915105,1.8979931152672207,-24.486179264386497,40.714542047520816,33.78658599853516,-131.94512481689452,47.510492621178024,-1.1208463122599726,0.6171879458065321,96252.53585689145,1.8670930976418696,48.454066680868465,132.24883342533852,332.40244750976564,-116.2317108154297,140.84583955615085,0.73861935421598,-0.5578386601911776,1015551.9642386755,1.7454756664050566,0.2582628939115522,-0.9365138596553639,-0.4615777386623322,LEFT
0.2647121263586957,0.5386527350510505,1.568017578125,-0.794580078125,0.6001827045319776,0.7804284383544839,0.560944069450763,19.734125244344987,1.9960743638257286,-0.13215508944746382,0.18948654294172426,0.02548828125,-0.672314453125,0.23101973427149694,-1.4655250733343783,1.0081938059694737,2.4420631277220592,2.0623551181452577,0.9584217900815217,0.34714473618085057,1.64990234375,0.076220703125,1.0193536165439063,-0.6349964349101873,0.7745024747027971,8.196365378175464,1.8545839759088194,12.602421748810919,71.02691530959308,183.9817138671875,-87.15853729248047,72.13628582295468,1.1124850525854664,0.31771623514839753,343120.01238662686,1.8779748877811635,-13.53861810936444,35.67370146037466,36.81707420349121,-100.68292846679688,38.15635145287279,-0.8088302416074599,-0.004646158760659436,86555.86254547752,1.996813301053942,37.3277667068053,132.03057290272892,316.03049926757814,-102.41463623046874,137.20581018433768,0.8976907426937064,-0.5258652902405374,1185629.9379121375,1.6616039573539312,0.2978972381888059,-0.8931132720420027,-0.3439966409368152,LEFT
0.3032825100806453,0.6366875152155533,2.045556640625,-0.745703125,0.7052313612937048,1.1426268726573525,1.0131291166578693,24.34775824487209,1.9802383779931552,-0.1785353137600806,0.2877902821215897,0.07900390625,-0.92841796875,0.33867108636999793,-1.209718499944059,0.1134727183879427,4.974589652642608,2.0242555051012134,0.9465686428931451,0.3684095333645751,1.81435546875,0.120654296875,1.0157350934089433,-0.17596866393848679,0.7046397800423385,8.15206863977015,1.9621508707260331,28.79613850474357,89.68059459869608,239.94512634277345,-59.73780517578125,94.190374457054,1.3033314541786685,0.24869585815218143,466994.8440107547,1.789374463451053,-17.440549178719515,41.49419135329664,52.9451229095459,-97.75609893798828,45.01045069447019,-0.4760115455545089,-0.4641581429936532,99973.64564509918,1.838887804704037,56.04634253581364,153.87586739080115,398.4268371582031,-104.71341857910156,163.76499954786792,1.006747905271452,-0.23434079162848276,1374865.3478058758,1.795414052997737,0.10105865869500016,-0.9460337044497813,-0.2203295010456641,LEFT
0.2104123975409836,0.610707081118786,1.646923828125,-0.98271484375,0.6459384769214266,0.5917050001128258,0.35073206899232456,22.383803870216497,1.793057982131607,-0.12593093621926232,0.26105523466314184,0.18740234375,-0.66103515625,0.28984208845867765,-1.0186748071803091,-0.3845064166596299,4.09008932359757,1.8969184108818566,0.9369076588114753,0.3020418558964291,1.535009765625,0.274658203125,0.9843907983382205,-0.3780637350209935,-0.11552787770487472,5.475228402845321,1.99631269767595,21.74146427313487,65.41638753614173,171.00000610351563,-58.750003051757815,68.93471568824143,0.9102808879426283,-0.08340608471840039,248490.38391569754,2.115948340985456,-21.474288927912713,30.559642545935947,4.128048956394196,-125.93902587890624,37.35019193384223,-2.0763549335541835,3.800679164545901,54226.98774906889,2.3094096648057754,53.60559091925621,142.92140268028243,363.1524475097656,-106.0000015258789,152.64365929150836,0.8771180953011544,-0.46552868297523897,1186086.9551456014,1.8200393458449766,0.16024559594611953,-0.9655638324424071,-0.16758007732088398,LEFT
0.3065562102754237,0.6625207795775275,2.071240234375,-0.8166015625,0.7300071872457453,1.202573318661129,1.1350831344588208,25.46547499863307,1.8358056882235436,-0.1210258871822034,0.15580763211373788,0.03818359375,-0.470751953125,0.19728984665493887,-1.067821562311557,-0.2985743434821413,1.4084136573473611,1.8492305152451889,0.9388597391419493,0.27397707582420067,1.67841796875,0.417919921875,0.9780189404397385,0.21951482696064734,0.8406423620414336,4.354930465777713,2.0193275880054897,12.79918711334467,57.1934962359748,142.81097717285155,-67.62195281982422,58.60814962491881,0.9586191746094824,-0.060231984429089724,189935.94206053953,1.6840638020100727,-18.994207695424556,41.94916043462441,36.03658638000488,-122.04878387451171,46.0490172223771,-1.1699825898194915,0.2916650024221328,102178.2836532799,1.669615127004645,31.94024394710859,133.58145500752664,331.8719543457031,-134.73780670166016,137.34694865678182,0.9795484756399402,-0.1222281082438137,1036110.4800193997,1.6654189125150578,0.41935562117724723,-0.8392648704810107,-0.35716674720309005,LEFT
0.2371721540178571,0.6473838707968292,1.74287109375,-0.932177734375,0.6894610263164668,0.6564082956731706,0.2774730281578166,25.991112851724026,1.8112966134905497,-0.12832961309523808,0.09686815551437393,0.0125,-0.400732421875,0.16078535116710863,-1.034928096920484,0.7681154858350783,0.5819198685139418,2.186862321819034,0.97136966765873,0.23669339472941744,1.4916015625,0.37998046875,0.9997913754158754,-0.5710785958601187,0.8437944025125788,3.4743486840277913,2.0054253502984936,7.10181979035574,53.462117096584386,108.18292999267578,-71.3048812866211,53.93175139733169,0.433239963502259,-0.8804975821964276,177252.9331390263,1.7942239227745618,-6.169763912094965,20.645528067217757,33.871952056884766,-38.29268417358399,21.547710224180797,0.22314639697105876,-0.9295651934666163,26433.405374885977,2.357635332742842,24.17566860365489,148.8898769475908,287.82317504882815,-173.39024963378907,150.83984357557014,0.3735160914162112,-1.039789352488206,1374774.4964170842,1.8169717353183696,0.09186180762684334,-0.8940036969923901,0.00044289718298716257,LEFT
0.24901623335040982,0.6717742509212096,1.8703125,-1.106103515625,0.7164424112744708,0.642028477852447,0.6127237528358989,27.0841173721129,1.8956238112381338,-0.1528568455430328,0.29949836751128006,0.15859375,-0.772607421875,0.3362506317782739,-0.9359902308007095,-0.748102056014901,5.3834030909692085,1.9984580129909049,0.9363345286885244,0.27107204116236394,1.56396484375,0.39833984375,0.9747832585320143,0.13619645998423063,0.2543232606189614,4.409988252116787,1.872239711977062,22.91768355498711,60.95220203406718,153.39024658203124,-47.11585464477539,65.1182858521957,0.9305789096217786,-0.37630380764242766,215728.06258044436,1.9880397713333027,-20.889939753413202,40.67587309311061,25.53658599853516,-152.9268356323242,45.72653753334132,-1.868374419511289,3.0418411176503337,96069.43878573219,2.051987372262528,55.96250201245149,140.67437798336528,385.060986328125,-93.01829376220704,151.39710120243504,1.0668230220984676,-0.07977905277284858,1149081.2924132606,1.8661276114395011,0.19038515339916415,-0.9407183353692443,-0.2574571399779438,LEFT
0.18668913294057377,0.7794706137267085,2.37998046875,-0.80166015625,0.8015156080960588,1.5528582910731445,1.6123166491268517,36.464265847513744,1.776536014323998,-0.12751664959016393,0.18292106248973844,0.1306640625,-0.51533203125,0.22298118984585996,-0.5596385967638979,-0.752053661401821,2.0081465854183316,2.2671357704641744,0.9561003137807377,0.2832067157170688,1.53974609375,0.4044921875,0.9971629023579215,-0.35544069328677963,-0.15815971253758354,4.813656275503097,1.9226043057675937,16.138516684571904,66.32970713178197,134.5792694091797,-80.12195281982422,68.26479157637687,0.37148390831761974,-1.0024328109028997,255472.792704568,2.034892358983197,-8.34776435693105,23.72792440127405,49.47561073303223,-81.59756164550781,25.1535199554938,-0.7376170790996283,2.400356225063576,32691.677164333934,2.2878378431134374,34.242684079209965,165.72587350438107,399.6951293945313,-175.64634399414064,169.22655394984173,0.834709043423166,-0.33044603011150686,1594779.073668062,1.784019811381612,0.0610066464394279,-0.7871148981005063,0.06251929673950167,LEFT
0.2302558273565574,0.6601286903573828,1.98046875,-0.916748046875,0.6991334878723847,1.0181659228090651,0.9418218985500038,26.153221816555142,1.8974714721738726,-0.11818727587090164,0.2011555767206186,0.11611328125,-0.558203125,0.23330623271483616,-0.7483315508313257,-0.8277955253301861,2.42846660091031,2.2667334935811967,0.9339787717725412,0.312535447420736,1.583642578125,0.319189453125,0.9848831159159059,-0.18022201953779213,-0.2350836523833464,5.862279811828365,1.853734040614045,24.19115970154603,64.95073593316384,161.43903198242188,-50.719513702392575,69.30952536242971,0.9125555658410147,-0.46395781628553934,244957.6476468404,1.8250046612412751,-22.101220074494677,51.34915735079391,28.841464614868165,-179.39024963378907,55.90348727421071,-1.7734720932277988,2.303405114585556,153100.91593304375,1.9121533138528088,48.149493087530125,141.9966587307246,358.5792724609375,-114.35975952148438,149.93806979975423,1.0308181321025285,-0.2295507530132732,1170766.6801937195,1.6326182751765212,0.2341917338799677,-0.8954281512123358,-0.18384579278021282,LEFT
0.1875368212090164,0.6558350710127759,1.698193359375,-1.166259765625,0.6821214698860573,0.5001020147410322,0.39192909218117267,25.81411583577434,1.7452903893512792,-0.1540423283811475,0.2687231342173754,0.07822265625,-0.79677734375,0.309743703401207,-1.1004040579870689,-0.39597735791383215,4.333892083475665,1.9902264245286143,0.9660932697233607,0.3084826994038902,1.806494140625,0.391015625,1.0141487965955909,0.46350504955654515,0.8808806333798844,5.7112294140169695,2.105597834069857,12.265142732560635,54.41559423379075,133.93293304443358,-67.92073287963868,55.780737016165766,0.7469678620564085,-0.3285630455029147,171934.1120480089,1.865325461028682,-12.707927100956441,34.024927096249485,27.00000114440918,-105.79268493652344,36.320615015557145,-1.1143754852943573,0.2953924257510758,67221.1945264821,2.0436083511595817,44.71676841477553,155.96334994526765,369.1646423339844,-116.33536834716796,162.2472061504009,1.0226557785233437,-0.374460414179135,1412400.430186482,1.5718464933028549,0.03844825031295978,-0.8798328567474963,0.0327176533156601,LEFT
0.21660621279761907,0.61977802505619,1.7359375,-0.877099609375,0.6565386902270717,0.8621451685901533,0.5915325019691773,23.82173957124352,1.717942916828066,-0.12035900297619048,0.1717254715788199,0.07939453125,-0.63095703125,0.20970438046543216,-1.4616351521064184,1.4251629373500991,1.8288183061033485,2.246792146070605,0.9553718687996031,0.2879065102513136,1.487939453125,0.36318359375,0.9978103859645558,-0.5198059197666802,-0.21317593957118008,5.140484994724393,1.7181080676642948,13.410569575287045,57.23024191283152,128.25000457763673,-65.7134162902832,58.78047265661302,0.7674746394494603,-0.5167803331114365,203119.81311458483,1.8960486328780077,-13.74864523070199,30.581425186398445,18.280488443374637,-112.01219635009764,33.52981974468383,-1.8452162636057448,2.7493859741947766,57998.47398696515,2.1316898083188742,36.88443837421281,149.14684162639654,353.359765625,-141.65854187011718,153.6399757918183,0.8577856301999788,-0.44003300568553705,1379523.9574552597,1.725481752958236,0.5509528280076219,-0.9004503456416661,-0.4610405022253084,LEFT
0.18864456435381355,0.6997288790372527,1.668017578125,-1.250244140625,0.7247118570983714,0.2881126777239891,0.20772234841669057,28.406149582942327,1.788165737134788,-0.13021798861228814,0.16914048630070472,0.06376953125,-0.557275390625,0.21346013366497474,-1.1681326268754373,0.22245530378910816,1.6597700465520224,1.8183900596058262,0.954056044756356,0.16464068729083375,1.340576171875,0.654052734375,0.9681577828266114,0.3586895218177979,-0.05608439645056995,1.5726320188045508,2.0044277730144886,3.3057927535970992,41.804285900036284,91.19512329101562,-47.99390335083008,41.934789678043074,0.6084470529243129,-0.6675282566551983,101483.47744237495,2.19551242343164,-10.59725652774175,38.7675817252835,52.701219940185545,-115.1524429321289,40.18988975776495,-1.2192899239540211,1.0392279014824473,87266.8480147848,2.0439121170742114,36.5677855861187,149.48784019190163,369.0792785644532,-123.2743927001953,153.89547526783193,0.9533218560461184,-0.2639030109340941,1297577.158608354,1.8013425696546579,0.07796777439318163,-0.8682838806157114,0.07667978810767616,LEFT
0.2867587730532787,0.6199480200383467,1.65732421875,-0.636962890625,0.6830564701929761,0.7807854515992961,-0.10110095317160228,23.066331813412326,1.845653488099546,-0.17973392674180327,0.204179410957557,0.016552734375,-0.7064453125,0.27201749260112457,-1.2090045148800685,0.0758647469842324,2.502026318503964,1.9459149294795226,0.926002977715164,0.35573676049318287,1.628955078125,0.09443359375,0.9919829421434295,-0.672938570951086,0.5185697105198073,7.594959673112439,1.7574877592853857,19.460874339739483,83.75025544398355,194.1341522216797,-107.28658752441406,85.98157312470869,0.558941259164219,-0.5439429208380981,407280.3737648102,1.9012049346002455,-24.347256772518158,50.75431593617365,33.073171615600586,-160.36585998535156,56.29200208285243,-1.1912256869854936,0.6677499811256049,149576.52427210828,2.0174142474679617,52.212501615385214,142.48090065801014,346.52439575195314,-114.38414916992188,151.746342220346,0.6960579812369353,-0.687769603444786,1178792.2878536412,1.854044232765617,0.20278514476835613,-0.9576456218419926,-0.19769644061423544,LEFT
0.24033280629960316,0.5847050106945016,1.36005859375,-0.92666015625,0.6321707105799034,0.15359797881381418,-0.22156076824045545,21.201898745149375,1.8556509280492846,-0.08040054563492062,0.15341185297357268,0.078564453125,-0.5083984375,0.1732034767872113,-1.4294791787872416,1.1130948555229567,1.4595499286800617,2.2087740571078434,0.9378712487599207,0.24501946291027474,1.520263671875,0.525732421875,0.9693487589383567,0.293253817509629,-0.19989462290411275,3.7230793463438743,1.9840942798171841,17.907763004019145,53.24274406088637,112.83536987304689,-49.5121955871582,56.17363946675672,0.4531922601738151,-1.1092715521338985,175801.26088879813,2.0903160453699816,-15.541715489209645,35.016604689697665,36.9329273223877,-114.42073516845704,38.31067115494187,-1.458526273802597,1.3754788800785578,76041.2402383499,1.9956116924674063,45.88540563876667,124.6500263352843,302.6585388183594,-104.25609741210936,132.827329702969,0.7089616228363401,-0.6780107962988104,963575.7775081448,1.8177735018971082,0.16621905540411036,-0.8691619859927098,0.05643503335256518,LEFT
0.2606710143008475,0.6188617081893022,1.6091796875,-0.9544921875,0.6715200604297787,0.5756329320211327,0.05349422107997803,22.219792367617284,1.9843351715784672,-0.14364406779661015,0.22837870168185587,0.144482421875,-0.82998046875,0.2697970526063012,-1.567323020463145,1.8555276045967695,3.0259655006726587,2.1259767065633746,0.9402145127118643,0.39518869082274916,1.53095703125,-0.101708984375,1.0198908918449106,-1.2791356755018315,1.088563813680886,9.060700780232747,1.9726337660655304,23.494207774798074,70.88066937473504,196.2682983398437,-79.7500015258789,74.67293411923683,0.8644644631092026,0.054737550468401786,291723.13186401484,1.8726649262629689,-26.88943139870962,54.19485256690503,53.719513702392575,-154.9817138671875,60.49895507936052,-1.062855182859777,0.3231202924555827,170540.3195511069,1.7675791127359695,53.46422916769981,127.07727649963772,340.23781127929686,-80.9756103515625,137.8660872116914,0.9860796285024612,-0.28149985636745534,937670.1800970157,1.6346586171410027,0.31344640789760375,-0.9428453794585231,-0.3277142722144081,LEFT
0.2566902535860656,0.6513560867680723,1.912353515625,-0.839453125,0.7001104470409616,1.0111554060400338,0.723114032304204,25.462728086056252,1.8908045003562792,-0.14502433401639345,0.21957239417039653,0.112744140625,-0.68427734375,0.2631427250345683,-1.05220738887868,-0.34987106103607957,2.8934997903916155,2.059988436318252,0.934101242315574,0.38157683249495417,1.755029296875,0.232177734375,1.0090322145463841,-0.21087287581741862,0.020979888708765326,8.738401147088698,1.844581314207509,18.81930928935607,89.2671979342169,206.97561340332032,-95.84756317138672,91.22937591124419,0.8297445343233847,-0.39853818244315997,462709.4676557492,1.9482755644964076,-19.024289058943587,50.14324007542307,59.85975723266601,-160.31707611083985,53.630850258594215,-1.3323042540572065,1.403872001436591,145994.20320698022,1.8401159356360832,40.93018307795126,149.59462937437294,360.7865905761719,-118.40854034423828,155.09298186717092,0.9340805184002117,-0.3652435059028458,1299435.2026318016,1.895851949742467,0.23017602812849547,-0.9327323314090185,-0.1978316436088799,LEFT
0.22208712218237703,0.5826779451689842,1.650830078125,-0.61494140625,0.6235673801808429,0.9885013779697992,0.34715175939925613,20.376291292790448,1.760627357840966,-0.14936683529713113,0.2199893560917475,0.1609375,-0.59365234375,0.26590556271041416,-0.736133776575361,-0.7398950129885424,2.9044995772454043,1.8602549356910079,0.9696345094774591,0.31584861326039976,1.72275390625,0.378662109375,1.0197800882877202,0.19137628892959335,0.27117534263395227,5.987229827757804,1.8329325103430023,14.758639104962347,78.63642277334763,164.89024963378907,-90.07926940917967,80.0094020401302,0.46470824270877814,-0.7694718893484933,359072.98692602623,2.040825207372322,-13.112602223654589,36.68846576115991,40.53048858642578,-116.09756469726562,38.96131231085003,-1.302920178248085,1.4073410663667616,78158.22633774443,2.1734537178356352,52.63343588312467,164.44855419764437,377.48781127929686,-145.64024658203124,172.66616793847766,0.6335122878596738,-0.7560850295559374,1570318.3251102152,1.9044422237499399,0.2333114864635603,-0.9115147460687135,-0.37407347733849605,LEFT
0.19826996901939656,0.749857629280821,2.068310546875,-1.1818359375,0.7756271300087471,0.7616890332153967,0.7144683637212941,31.525657508293783,1.7874463367054465,-0.1954000538793104,0.25024034847161886,0.09091796875,-0.735791015625,0.31749238267907254,-0.9541563693291994,-0.3647716323864856,3.510943687597911,2.0856610658053722,0.963830987338362,0.3171152710177555,1.7294921875,0.27509765625,1.0146586949641276,-0.07748086790974411,0.5686394522684068,5.638198306322096,2.043218977702735,16.072101311620916,59.67625735723101,169.1280517578125,-46.78658599853516,61.80265473859092,1.3135992717598777,0.5328757925780865,199491.7197215319,1.8691257141752113,-22.852482650154514,59.926838422373436,41.42683029174805,-221.70732421875,64.13627621383132,-2.0456877396162243,3.5609540168860176,201170.57163389263,1.9943359127484288,43.95549916572738,146.10747253399992,389.4634216308594,-92.68902587890624,152.57614308004312,1.2169507354380924,0.18849695359221652,1195822.096204461,1.7739352171433656,0.0671205775544573,-0.9672811959265522,-0.09428092138125327,LEFT
0.2802030918961865,0.6254298191646611,1.839453125,-0.744970703125,0.6853292868457639,0.9452083742373327,0.49494440040505516,22.693941978931424,1.7149205648984394,-0.1520557468220339,0.1676182589767281,0.024169921875,-0.50634765625,0.22631135827438262,-0.9410671638905558,-0.6915705604604208,1.6300293477376302,2.2019655571044248,0.9236642611228814,0.3305681702045791,1.66337890625,0.284912109375,0.981035668275156,-0.16138736107461726,0.04413775001473175,6.33978953409195,1.7983766950563649,20.29471558897119,72.93435365963715,172.08536682128906,-73.60975799560546,75.70531965843786,0.755111507228044,-0.48381009257992913,297979.23098690674,1.843568012343733,-21.736200376037967,54.97886685367636,48.951220703125,-163.04268493652344,59.11969390399062,-1.348835210722943,0.7466067137379993,169321.95992880815,1.945395430008811,37.740480393694156,126.51016290105066,307.9268371582031,-104.14024505615234,132.01956361690182,0.8925070486800716,-0.41767150056398394,896545.9389611462,1.7389447900360673,0.002689499607926592,-0.9462574083486294,-0.038863225108739276,LEFT
0.24588328394396555,0.7647557846524055,2.20986328125,-0.9728515625,0.8033118942741886,1.1005163130789193,0.8917738721175361,32.790801555156705,1.7963557175464806,-0.18378148572198275,0.29374538507589903,0.12900390625,-0.95810546875,0.3464996186831488,-1.5626063517160729,1.3401389096729375,4.837869919856388,2.0074586189956953,0.9401594490840518,0.37972716300821285,1.92607421875,0.1216796875,1.01394896717157,-0.018431629314235073,0.8073702638675027,8.084435916026434,2.1155519755191112,24.502674930974052,56.27485212844502,177.96341857910156,-30.707317733764647,61.377846661896974,1.5790732793847873,1.3430760216537871,177398.70401332018,1.9918552971446162,-16.574561603654896,59.18007465844744,70.40853805541992,-197.48780822753903,61.457280520152885,-1.627595880462035,2.4298351224298793,196188.13340769845,1.9592550800266961,41.158109186406726,142.0084416826903,383.6280517578125,-90.43902587890624,147.85258692679756,1.293128268240849,0.33718866375326906,1129665.9570209568,1.7220235991237014,0.2840637989108012,-0.8947879445701112,-0.3108206584103338,LEFT
0.22034582713293652,0.6190585457687916,1.706103515625,-0.738232421875,0.6571040759455605,0.9479343375191659,0.2243477537639209,23.766463974714274,1.9947463143349706,-0.1968835255456349,0.19745200842381294,0.0380859375,-0.57841796875,0.2788376198827486,-0.3914916153657316,-1.2631887590830428,2.417821505591272,2.511511464706293,0.9661830357142858,0.24592894275359503,1.48505859375,0.50078125,0.9969908241232582,-0.06384404850236156,-0.4432874856500484,3.7507697991281748,2.1980518959478665,-2.6881536184795314,62.155436054929034,102.1036605834961,-107.65244140625,62.213538727956276,0.05525009528350274,-0.8631352511341808,239584.85436792116,1.7557177416803431,-5.120983597399697,24.834050775596747,37.35975723266601,-71.45122146606445,25.356548482192014,-0.7751972622467321,0.489625065801917,38246.90123881245,2.471884618213476,9.879307392665318,178.23790576161542,383.1219604492188,-231.43293151855468,178.51148916763108,0.5868570955763044,-0.5736436253036405,1970158.9518529237,1.691913547767672,0.23388824202374717,-0.907279087870518,-0.23277328025758043,LEFT
0.22935395576584514,0.55705933477088,1.61982421875,-0.992578125,0.6024270407948306,0.5222291954710289,0.9646459735875856,21.726367103854816,2.037266037646318,-0.12348907900528168,0.20203419017593038,0.16171875,-0.613232421875,0.2367854865350001,-1.0649378035383923,0.26211252946467,2.857813894086414,1.9192992082947467,0.965419371698944,0.3662610794893748,1.773486328125,0.067138671875,1.0325607689624399,-0.4091435507676768,0.7793722036281014,9.392165639665395,2.0025281732298734,17.546155438075463,72.97629316930464,205.1585418701172,-75.14024505615234,75.05602531036003,1.3535709561944225,0.7872794690853411,373082.7144302371,2.0528626411741673,-8.89837410574158,24.453739161078687,36.30487899780273,-67.33536682128906,26.02242149923419,-0.501960286048643,0.17431900021478386,41891.55912260362,2.200469379690391,42.14066795839204,124.12932566705939,335.9146362304688,-74.58536682128906,131.08747227152693,1.2207585722423278,0.11738085263563525,1079415.682333461,1.9332579237219223,0.43133246461070995,-0.9229200633867151,-0.2954417875707304,LEFT
0.31976412259615383,0.5825298279000807,1.530517578125,-0.68544921875,0.6645224559734498,0.39142197176830756,-0.515189002465477,21.722965555480034,1.7696405857381108,-0.24499173677884617,0.19735004555926647,-0.006689453125,-0.6466796875,0.31459178560820683,-0.6684888177854765,-1.009081324158898,2.4932006975376244,2.3958148454743267,0.9004800180288461,0.2866310043979652,1.33818359375,0.23662109375,0.9449981987027368,-0.892356347057106,0.10367724500760156,5.259314099730868,1.9174360069404974,7.041618285103449,78.01461988088828,157.46951293945312,-92.94512329101562,78.33176433116128,0.4513562806525075,-0.7840183449375746,377444.51487918745,2.1914692487312704,-17.101433047604942,49.79688468519679,70.4146354675293,-131.34146881103516,52.65157867179767,-0.6819642419661713,0.03849013311950378,153781.98868669165,2.0100539046786,38.18370204653058,156.53898623183994,342.0853759765625,-167.72561340332032,161.12867315431603,0.5323476948845495,-0.7809839325155581,1519659.0431475544,2.046200924596342,0.0969091044129188,-0.9359954662660027,0.020958764939856597,LEFT
0.22086962090163936,0.6220699999416807,1.80205078125,-0.895751953125,0.6601170155848707,0.700765276250266,0.5248070543321917,23.224506558756676,1.9567725606564397,-0.19804527407786887,0.3058802743150977,0.104052734375,-1.045556640625,0.3643963128239055,-1.3013140272888253,0.5083693070754118,5.615273609392106,2.1069099069696167,0.9377961705942621,0.23129187723520403,1.4830078125,0.5630859375,0.965897297882258,0.7478086948992799,0.13019102100154534,3.210618786119645,2.08579454033997,9.499492211341858,55.77594739909945,116.2317108154297,-79.71341857910156,56.57911859105313,0.4211673022894732,-0.6456898418289474,180662.54083222675,2.371425454390037,-20.997358315189675,23.290896399662333,11.189024639129638,-64.59756317138672,31.358490258879957,-0.1399724590062171,-1.2884990105494605,31498.068524230584,2.099496968512331,45.99746010462443,171.09474526356513,442.8719543457031,-141.27439575195314,177.16991333993693,1.0152172509668813,-0.08405868922612791,1699814.5761765053,2.023461139477269,0.23609455907004429,-0.8424852030188642,-0.3918789599956589,LEFT
0.20577852843237704,0.7065981884419764,1.946484375,-1.196484375,0.735952310053632,0.5936428332861027,0.5486716157279536,29.964912913922344,1.875300463332423,-0.19944608094262292,0.26493171879530425,0.06201171875,-0.806982421875,0.3316135624898437,-1.0131329755976326,-0.3971514024983982,4.212461015101403,1.995418863102019,0.9430776127049181,0.23838978197452595,1.405615234375,0.43916015625,0.9727410095884049,-0.5527169502506876,0.0247447832554597,3.410697896865105,1.8573709288255276,11.274898492892582,48.749998719665584,107.28658752441406,-52.98170776367188,50.03684353746174,0.5110100764144534,-0.7549391227203022,138008.43100458314,2.2673574722656102,-16.76747993995746,40.332658984905194,30.024391174316406,-137.5487823486328,43.6791914340173,-1.2848381901817212,1.31512066244846,94458.45287276547,2.3144813184774007,46.07825346708299,174.71291372180465,437.7561096191406,-128.90853729248047,180.68704343073276,1.01913311873313,-0.21029856854356233,1772443.396520626,1.8591317654424657,0.004887225659205476,-0.8748994487952656,0.15868680967610416,LEFT
0.22513580322265625,0.6982011163793395,2.10390625,-1.08603515625,0.733601341878589,0.8243846555846925,1.109342549705067,30.253613073031104,1.957367035400013,-0.2173088073730469,0.295053750546183,0.08642578125,-1.148876953125,0.36644212840947366,-1.6447572946494489,1.9649484932960641,5.402798941352151,2.1849198928816014,0.9657188415527344,0.2901354963115319,1.7080078125,0.298828125,1.0083607921522406,0.05607456449810582,0.7253531897928442,5.224198035904857,2.115416389754819,5.035327105389699,55.072202940312884,156.35975952148436,-71.03048934936524,55.301917288257556,1.228796597425776,0.943125785523967,188090.13708059938,2.139733081815104,-15.552652414639791,29.673101996604924,21.07317123413086,-76.80488052368165,33.501910083329875,-0.5690353838641489,-1.1427004629803368,54604.32259310229,2.1670101895818443,28.62204846200489,162.51253236545523,408.57318115234375,-138.19512329101562,165.01377164950352,1.1573902604926007,0.0671354963810038,1637852.6982012764,1.5565012690066562,0.10417173261477984,-0.8145785550863339,-0.14073805302508302,LEFT
0.21019479851973688,0.7350403098906018,1.534423828125,-1.947021484375,0.7645038328804015,-0.955368892665613,1.4280656785742503,30.265233647001196,2.1383861826057258,-0.155615234375,0.4064413489543538,0.2767578125,-1.38486328125,0.43521336297202656,-1.706391129322554,2.1985967789913152,9.253744110074535,2.227989739862359,0.9406532689144737,0.2578812042223935,1.535791015625,0.218359375,0.9753621316263396,-0.6428633629675193,1.412475036759587,3.725298666049695,2.31980261264076,-14.23160032326715,54.993229038114535,54.87805099487305,-128.96951293945312,56.80487380321992,-0.8685483739255325,-0.514481899554962,169410.43577388205,2.1242298173517336,3.8975182474705203,56.30171185956092,120.43292999267578,-65.64024505615234,56.43645459103884,0.7709377913476159,-0.8718910798825763,177568.08761675874,2.0894339947967473,-19.295144117924206,151.28775744665853,161.73780822753906,-369.2804992675781,152.51323922784684,-1.1047034767474453,0.0752624987778141,1282121.8114219562,2.1043712289311314,0.5594364818700993,-0.6351501566411178,-0.5446505833228429,RIGHT
0.09911511479591836,0.6430990997224294,1.022998046875,-1.45703125,0.6506921376847943,-0.967842889816056,0.4097214702109393,19.85994122810364,1.7991787055745598,-0.08416673309948978,0.337929504940547,0.213232421875,-1.02744140625,0.3482533406444279,-1.508313774228418,1.2566483347864246,5.483708741855621,2.0302346040783505,0.9719915896045919,0.33057766521720805,1.846484375,0.364990234375,1.0266690036241095,0.5573906586613092,0.6870231859325897,5.247702083396912,2.0086601665161328,-26.25520897867779,45.21090424498784,50.39024391174316,-130.8048828125,52.2815633006847,-0.8459632209742549,-0.018195413441456587,94188.97147802562,1.7762053715741208,8.751778675615787,54.47236241208557,160.21341857910156,-55.469512939453125,55.17093344090306,1.3416923420617002,1.2806961800437193,136747.07456197188,2.186297884124543,-29.933690806229908,154.08369856736135,123.94512481689452,-339.5365966796875,156.96436541291925,-0.8343070490995396,-0.789555050901003,1094069.6939255442,1.7489414431678258,0.4299019997314666,-0.4151627736770144,-0.8118359413918816,RIGHT
0.047411267510775866,0.6907831678717357,1.2974609375,-1.57578125,0.6924082706769821,-0.596897738077677,0.33410796038937196,26.753985878388093,1.7372589624961412,-0.07630657327586207,0.31616869552036253,0.21357421875,-0.966650390625,0.32524657900145887,-1.5315565758000518,1.2914326757161758,5.604612616539001,2.0749046624833465,0.9365251212284482,0.18220970863775066,1.42607421875,0.60087890625,0.9540857826284876,0.4948746798680753,0.24549318538995912,1.861450595378875,2.3730948875903883,-17.83689035495122,38.55279267783439,54.96951446533203,-103.40853729248047,42.47908286197611,-0.6470058091042462,0.026200286493649028,86303.20466646142,1.9145132926755428,2.915243509610495,89.50810824527983,236.11585693359376,-91.75609741210936,89.55556982326145,1.3549335263091624,0.6320855809900352,465196.47483824514,1.8016266236909477,-36.52530530611674,151.00694736214595,77.00609893798828,-401.86586303710936,155.36150127795156,-1.3474621230521904,0.3218434641745902,1324063.4450590468,1.7023681168945035,0.38065701724254725,-0.037350424118424576,-0.5879796223490531,RIGHT
0.03865902549342106,0.6347787596644143,1.08095703125,-1.3833984375,0.6359548678744374,-0.40933360126040985,-0.09932688958963842,22.571815439997046,1.8727878825401938,-0.07043414199561403,0.31914449386845783,0.230224609375,-0.996923828125,0.32682438147300524,-1.6949903349565012,1.905841375001053,5.705535735919558,2.091149163979217,0.9700657894736843,0.22649716790210142,1.550439453125,0.465234375,0.996156916843363,0.2708835212202899,0.3270460226692129,2.873738655221874,2.2863775882320447,-21.45721088375961,31.049315416292828,33.15243911743164,-84.6280517578125,37.742176496998304,-0.38880671701493896,-0.623663907262229,54003.98104187253,2.427530981772049,-5.427043499235521,47.57998122949558,76.82926940917969,-120.33536834716796,47.888489378364675,-0.35431917384524814,0.005177815488087045,126814.89034885248,2.059178453451157,-15.118742813980369,154.77442130126818,144.06707458496095,-358.4695190429687,155.51108601452736,-1.093764248665792,-0.2685039310413284,1341899.822727997,1.7551479147260307,0.4726747823325896,-0.2610359551117701,-0.7776551173150904,RIGHT
0.006979851973684204,0.6470946881858264,1.129931640625,-1.4173828125,0.6471323309894865,-0.6303784421407785,-0.08267900492429492,23.45618549601785,1.7920640599932376,-0.11972056606359648,0.25683861016231946,0.121044921875,-0.823681640625,0.28337093289308957,-1.467564522816524,1.028708803967489,3.6952373595895445,2.0147321562896745,0.9628340871710526,0.18315512845176762,1.53994140625,0.6970703125,0.9800996278423422,1.1570900430087205,1.7141381767994668,1.8791432362589349,2.2687024444344654,-12.010697700684528,22.49242629488864,40.6402458190918,-58.73170928955078,25.49835484669995,0.2364992856578709,0.21870084999711636,28339.64004845023,1.6865101904260216,8.145699468411898,66.93709963932396,173.98780517578126,-46.9390251159668,67.43091077506271,1.2914221938693513,0.2761037956470629,250989.46855340374,1.917856446290001,-23.904793451752578,136.80678794949895,138.18293151855468,-304.4329406738281,138.8795750966647,-0.6810520704316613,-0.642849950292125,1048424.1361588491,2.02995563799561,0.4540227464812166,0.2747351560550948,-0.3272026984889385,RIGHT
0.04288330078125,0.6092074011615427,0.96904296875,-1.44140625,0.6107148558172594,-0.7859780143797831,0.06906495641290444,20.06690966704796,1.9905908839353954,-0.10164533342633929,0.2569134538644742,0.29541015625,-0.815771484375,0.2762902397550898,-1.2806581935640924,1.0365662916662775,3.568803690877454,2.074801942372085,0.985284423828125,0.20110097719127112,1.4259765625,0.436865234375,1.0055978315736387,-0.5625512047566811,1.0275179900851352,2.186655954821356,2.2755825433866015,-9.063543222975312,25.00527904842523,43.573170852661136,-63.6768295288086,26.597214065468503,-0.5764012878380214,-0.13139264607677204,35025.56330967164,2.0842273960256734,-4.255669690433302,55.811940584503915,119.5487823486328,-100.88414764404295,55.973953195412854,0.5660215126853706,-0.2648855990888572,174492.17828732467,1.9609366547101192,-21.223042477222908,151.10189152820462,121.70122375488282,-353.7134216308594,152.5850554785472,-1.0346062473333526,-0.28593275127568063,1278973.4223177736,1.8343341290208397,0.3608445679610498,-0.24582751617543033,-0.5394090951339775,RIGHT
0.060133167613636365,0.6764913747255015,0.972509765625,-1.763671875,0.6791587280785314,-1.2849953287281273,1.160885993321835,24.720763477427617,1.9057823532286147,-0.12220081676136363,0.2957180804786691,0.1736328125,-0.96220703125,0.31997222182422796,-1.5370472924533054,1.251565963155815,4.7238174811431355,1.9947381654629397,0.9906667258522726,0.20160511180284213,1.428857421875,0.572021484375,1.0109723946853835,0.004283333508111096,-0.05303716248791002,2.1955353364774157,2.288092319853656,-9.455070844031217,22.98796864242841,28.18902521133423,-61.62805023193359,24.856489433766004,-0.8936392817293399,-0.14777411420019426,29602.12647913497,2.0345600803373536,4.2038940591770295,45.79715744281398,141.91463928222657,-52.164635467529294,45.98969835846585,1.573183574731675,1.6902214361536103,117489.42098890187,2.115907279107476,-14.195657244899818,148.39916364716794,123.3780502319336,-343.94512939453125,149.07658587381727,-1.1187015756393344,-0.16558291034982497,1233629.1542165577,1.6674022863905635,0.5325617815557571,-0.1230772686691256,-0.5839159668400626,RIGHT
0.12003261021205358,0.741063626435728,1.494189453125,-1.712939453125,0.7507217366910265,-0.745532686370926,0.5280567673651002,29.693373348301858,2.063185768463485,-0.1734645298549107,0.37668297144939933,0.18291015625,-1.20810546875,0.4147047191650153,-1.3558779149303526,0.7936011938077101,7.671881155803284,2.105592551326034,0.9396222795758928,0.33539908240436717,1.922509765625,0.00029296875,0.9976886151265277,-0.01704940686328998,2.7680095628162364,6.08235837328023,2.124249726385308,-17.969625718726054,42.55577585547082,33.487805938720705,-127.61585998535156,46.1941717874904,-1.2101271603092614,0.4366058066923615,94301.10872390555,1.8251216374648982,4.442185828420851,78.65313138720522,230.89634399414064,-99.0548812866211,78.77847480084387,1.4511261834952152,1.474719283993962,322137.4065147733,2.1192492942441112,-31.57034840495498,145.80977898035192,94.09756317138672,-358.6341552734375,149.18839949778038,-1.1508736188909854,-0.1331478567480633,1107075.5352178807,1.6813453298891459,0.5764762137048945,-0.12376347199638058,-0.3105774373039576,RIGHT
0.07317283740942027,0.6450142315055228,1.268212890625,-1.773681640625,0.6491514638196586,-1.2192528743128308,1.877717607775673,28.296891877991822,2.131999762664998,-0.1558218693387681,0.29471242867727815,0.15224609375,-1.094091796875,0.33337047046954815,-1.9155569198149114,3.027914310177821,5.9074090535981325,2.3842608054864667,0.9741805366847828,0.17187582724342051,1.4744140625,0.645458984375,0.9892264745982394,0.8025776229616117,0.74800049397196,2.0092304179327827,2.6377645029966916,-15.366737793493966,31.161367598961718,34.9756103515625,-86.04268493652344,34.74431552141468,-0.7701673651625855,-0.04363798387621909,66043.96835236736,1.7868057183580048,3.368504744681759,50.13472026787759,154.1768341064453,-60.29268493652344,50.247756174313686,1.579928358890252,1.8196858291316325,170953.238993526,2.229040295363943,-7.1819554888683825,141.9894037308322,124.31097717285157,-365.76220703125,142.1709226828093,-1.380279563628125,0.626947348696004,1371235.3866388176,1.6354537602133548,0.42223944517203893,0.3381300281532083,-0.3883055738004164,RIGHT
-0.018903586647727268,0.7898628583894063,1.481982421875,-2.112744140625,0.790089033369804,-0.9526491855662715,1.1914267404465866,33.7008408672469,2.064735698812119,-0.21711736505681817,0.38367584098947827,0.312548828125,-1.289013671875,0.44084816112602654,-1.387396210067498,1.2682452046799533,7.951814850909368,1.932827475530635,0.9336674360795455,0.24759479376051738,1.590087890625,0.203125,0.9659389541232226,-0.5307459951215773,2.313728272141824,3.3114665221316484,2.2479802725018563,-16.99261901943307,36.353407768532875,18.53048820495605,-124.83536682128906,40.128784650482814,-1.7538467476057777,2.068137612127061,74030.72005164831,1.9083800440336984,2.9328200967688303,90.43166861610473,225.49390869140623,-131.18902740478515,90.47921375881309,1.0927277203687455,0.31881214070507724,458102.65261316363,2.050274104792243,-2.535621791973448,151.25321319981373,141.9817108154297,-365.73781127929686,151.27446539697385,-1.1693216501525872,0.17268705753809233,1281536.3724330815,1.8633074072094977,0.5403919465248367,0.02421580533471091,-0.3588894404125324,RIGHT
0.04109845842633929,0.6042675113629471,1.330126953125,-1.43193359375,0.6056635275248056,-0.3341668157028036,0.6848653059576293,19.74270869123525,1.9785170747949754,-0.13841378348214287,0.29265478574646553,0.18212890625,-0.93212890625,0.3237363110282057,-1.4202098844227415,0.9470541012716871,4.630877252118341,1.9748521958823082,0.9452907017299107,0.2710497893005217,1.722314453125,0.315771484375,0.9833831903469188,0.5153588776585682,1.8240613499402496,3.9724165219274052,2.1118357735401534,-13.254921304133898,30.275943369879272,29.676829528808597,-91.41463623046874,33.050350765384,-1.1092121864542872,0.6004145049279193,51347.23784130185,1.9274800170753528,19.593175524996038,95.64331549171398,252.3719604492188,-104.85975799560546,97.62958734625911,1.1008822192668226,0.15843219534787378,512425.77069838357,1.7599971491404192,-26.928755626762126,131.70581859860886,97.65244140625,-334.158544921875,134.43057885888737,-1.2389785671093707,0.153450882302399,971698.7448054942,1.8962697040264906,0.4650323815877551,0.11590210106429794,-0.3266711861718805,RIGHT
0.12448523569915255,0.7955189970646505,1.68427734375,-1.773876953125,0.8052000053389349,-0.550813905528813,0.6825407142455817,36.71587503997485,2.0837544768633056,-0.12705988479872882,0.3135624283843356,0.195263671875,-1.026318359375,0.33832766783009016,-1.7157663889854224,1.8942886008587925,5.704279686609904,1.9341758810940433,0.9353416313559322,0.2622516150877855,1.444677734375,0.14794921875,0.9714112810564475,-0.9893723796233074,1.8679781903549202,3.990149022897086,2.2364980137235717,-2.4943089349071177,48.8168230294579,66.95731964111329,-123.0243927001953,48.88050519125359,-1.102819152119846,0.4931723877196701,138373.88279287663,1.8636646339689793,-1.3470524819691982,62.54718493926315,149.1524459838867,-67.56097640991212,62.56168870974924,1.3701995387006323,0.5150978409922846,227160.26427524883,2.088540394372055,-5.816463265419009,143.77750146656354,139.64024658203124,-341.57317504882815,143.89510475650536,-1.0737092481297106,-0.0381831458037758,1200356.916537107,1.988337352721383,0.4237558720395585,-0.29149062429228356,-0.6060549680420306,RIGHT
0.10728149414062498,0.7317238059885546,1.410888671875,-1.7765625,0.7395465145854051,-0.798694259832067,0.729455027990098,28.9495975001105,1.7706980505429337,-0.07361886160714286,0.30963653636099675,0.31279296875,-1.06533203125,0.3182680025292623,-1.6902255685479495,2.5380704749972027,5.183907856283517,2.196393538623798,0.9504621233258929,0.1660332527006744,1.365283203125,0.608935546875,0.9648550610736987,-0.03505220613880756,0.04663387484759296,1.4905225495634418,2.181864735384665,0.05348727274359344,23.92510455072111,55.65244026184082,-54.66463623046875,23.92516433906529,-0.2143771591271204,0.6548570786472929,32064.864303478935,1.8973453152438426,5.204428492303479,81.55021596010532,218.8353698730469,-90.65854034423828,81.71611713163638,1.3172991571982045,0.8370624393071173,372539.1752151941,1.749981488880138,-26.800813602982906,120.0463107784768,81.01219635009765,-335.4268371582031,123.0016273929108,-1.450626330922802,0.695647890496681,807271.0044951213,1.5419512464007652,0.42794491577195054,0.28468146822440155,-0.3711259653702592,RIGHT
-0.02703857421875,0.6057780426160039,0.8775390625,-1.5103515625,0.606381168417572,-0.953611775620867,0.387526337192015,19.84191297120061,2.019297924120788,-0.1603934151785714,0.23101146565590283,0.156884765625,-0.76591796875,0.281233612673048,-1.29611994302557,0.8333439177185022,2.885511134081873,2.0729016204582362,0.9587637765066963,0.16783362418560857,1.37998046875,0.615966796875,0.9733427477249001,0.12377673970191556,0.27991879275445575,1.523035954113664,2.1693532848168657,-8.211269394556682,23.563229815954703,45.46341552734375,-37.402439498901366,24.952970653400776,1.1267815428362402,-0.011724505351676129,28911.683659297396,1.8762297427733952,26.738143763498027,72.51252158961773,209.15244140625,-53.71341552734375,77.2851481152897,1.1625503550678122,0.3417466367466262,273798.4636115293,1.8486056381098386,-43.20743077419423,133.20265014744288,106.96951446533204,-324.7865905761719,140.03509588816956,-0.935705768694956,-0.5742324469098405,923927.4944239502,1.7802722514606546,0.2780400815984014,0.6244666645382212,-0.18001022826085528,RIGHT
0.10438779633620691,0.6279124498936343,1.40068359375,-1.404736328125,0.6365303266580119,-0.27363099842831373,0.267259831467626,22.10631778224309,2.110510914269637,-0.14417682516163793,0.22059197625394578,0.11943359375,-0.702197265625,0.2635294611638534,-1.3432336580471795,0.5851903548168984,2.728338074445725,2.2636656441492966,0.9505699420797412,0.15226031335204612,1.36767578125,0.574951171875,0.9626870819781193,-0.13930831779416936,1.1771524160684388,1.3000219393571217,2.4980666971485617,-17.4998935207986,13.003665142148687,2.073170781135559,-53.89634323120117,21.802329700479753,-0.929928587973405,0.7878928852189406,9472.252635561246,2.380729527534112,10.403615654142278,84.2896434250546,187.5548828125,-117.93292999267578,84.92926001915927,0.9728682624455228,-0.2401901805219575,397988.158954492,2.1327257592803166,-46.6988670733937,134.6795565823169,96.82926940917967,-352.6646423339844,142.54601764745303,-1.1446169916312634,-0.1582372972326147,1016073.3800167188,1.8662354485416717,0.4502721980646598,-0.22377403061690482,-0.06945990836826617,RIGHT
0.019997258771929826,0.7136917938643206,1.21904296875,-1.554931640625,0.7139718950964831,-0.5974190033888919,-0.17501624834889107,28.532716690836278,1.9264165733113199,-0.1821803042763158,0.231980377903026,0.09755859375,-0.7607421875,0.294965352199613,-1.1043585338190478,0.2112997295497112,3.0145620040235843,2.1365776666564704,0.9551560786732457,0.14564913726940257,1.30029296875,0.608349609375,0.966197084353794,-0.23668177866546705,0.22780321962595984,1.1883313394414965,2.3645080881271427,-6.373555939239369,10.678856004459602,15.750000607967376,-26.25000076293945,12.436244645173089,-0.07633706237934587,-0.9109206971189958,6388.09224340311,2.2397002194650275,-3.241014483937047,63.154483269943235,129.0304916381836,-82.97561187744141,63.2375911304236,0.6610034960565585,-0.8366711506365907,223424.13744477433,1.5855064299436143,-19.619170347431247,159.74597696300685,184.62195434570316,-351.5975646972656,160.94623015462972,-0.7343703087309594,-0.5693431908480431,1429491.499644949,2.0691078581355327,0.38312729125450007,0.212299238982933,-0.21830263477030068,RIGHT
0.09214793238146553,0.7901527633505734,1.604052734375,-1.97314453125,0.7955077817801196,-0.623567889965669,0.8967930629032788,35.00484731221199,1.9314719258965212,-0.17653892780172414,0.4272643174840125,0.17822265625,-1.520703125,0.46229945925175103,-1.9613314155671033,2.759593809339493,10.23531008942922,2.1179843547226205,0.9465466729525861,0.23402181138552625,1.557275390625,0.392236328125,0.9750470820846412,-0.09717492518734301,0.7077221550359205,3.070566786607107,2.275967628049333,-15.039260053216365,38.874231081577705,49.25609817504883,-111.30487976074218,41.68195275094693,-1.1374121753645017,0.5412608328606892,84653.58243543965,1.9315385551847568,9.461810056786788,71.75967641222476,211.06707763671875,-88.04878387451171,72.38077789260018,1.3640388602031353,1.128409291904422,288458.04853275226,1.993111672725117,-50.251071098394554,160.13817727244736,70.01829376220704,-457.6463500976562,167.83743910903095,-1.4704009274346115,0.6804745080944801,1436519.347924838,1.6730825446998927,0.4898001018689434,-0.31172538256239346,-0.6310659800747462,RIGHT
0.11462188185307018,0.7553687233055312,1.455322265625,-1.829931640625,0.7640157615833376,-0.826145897802888,0.9006933555179009,31.962424475406777,1.8415575534123265,-0.21436831825657895,0.3743333170128006,0.1470703125,-1.31748046875,0.4313689929723274,-1.7778054366167628,2.0713577421332925,7.849440160373159,2.05652592361993,0.9268323396381579,0.30449950411747745,1.610302734375,0.08544921875,0.9755706708419085,-0.4939520992806693,1.1024912365174373,5.19391570822946,2.259350595718852,-15.379332700842303,46.63792227862521,66.09146575927734,-133.30487976074218,49.10824440753592,-1.0948963960864138,0.7450872674514493,121842.86614178553,2.009143752491186,13.301669214482896,73.38503477921505,181.06098022460935,-79.15244064331054,74.58081344044274,0.8955690120882128,-0.38425253391386427,301673.19754649844,1.9804628234223987,-29.031558542084273,158.72281249162955,122.66463623046874,-387.7195251464844,161.3560119630981,-1.1470401001791752,-0.09765687056033423,1411238.5083770165,1.793104362210814,0.41385417804637153,-0.22237617346020414,-0.5632532562353108,RIGHT
0.15947084780092594,0.5405227832341177,1.129150390625,-0.928271484375,0.5635564128758567,-0.42711474811406874,-0.30997446491475644,15.213588980947224,1.717551917417557,-0.13731372974537037,0.22307688897423159,0.081884765625,-0.70615234375,0.26195106178636934,-1.3590635486869982,0.6114294084442657,2.5915159755093713,2.2226159108016383,0.9700566044560185,0.18350930845927205,1.459716796875,0.644384765625,0.9872616077514312,0.632542118391924,0.4896835848251575,1.7536583623715813,2.278112936047359,-14.248419576110665,26.48746706728053,24.65243949890137,-80.75610046386718,30.076625011080683,-1.1809752030895309,0.5865384428617699,36532.681668941885,1.6877790704392963,7.145212532855846,51.50760396764975,113.09146575927734,-44.93292846679688,52.000839691565844,0.9470657106304645,-0.5513927220339334,138149.669569694,1.7781023750488332,-42.68055617831371,112.0210649975388,47.48780593872071,-272.23170776367186,119.87638999766803,-0.9453040461411919,-0.7113785634383918,653430.5865730885,1.2332842682721719,0.44658511832380166,-0.13337287128066275,-0.5938223718221296,RIGHT
0.09664388020833332,0.8820645016789473,1.71220703125,-2.201416015625,0.8873431268138906,-0.5814042322892595,0.5295495267768393,45.17645969867705,2.156391475479881,-0.2145011393229167,0.41326302784387187,0.223681640625,-1.2884765625,0.46561472158160344,-1.4368236977756588,0.6183929124252998,9.91674005000822,2.195514583471108,0.9147794596354166,0.3813190048067766,2.05634765625,-0.090771484375,0.9910729757175782,-0.009022734461748916,1.975415812843229,8.442831100494631,2.3924648576036565,-12.62347586433093,48.83975991583135,61.9390251159668,-159.9207336425781,50.444764758430516,-1.617093516399992,1.9240462360212094,138504.04512718212,2.1548247962716305,12.101219620108607,82.20904749930605,216.23780822753903,-91.06707611083984,83.09492768537234,1.1510207176760607,0.4274825182505029,392425.5461227,2.048929297147305,-41.329166479110704,180.61697127302796,142.25000610351563,-475.23781127929686,185.28515945347556,-1.2459232959644266,0.28236432643633824,1894262.6112559214,1.9142165471086265,0.4322510735721437,-0.4092756443443039,-0.4669653160947589,RIGHT
0.0982758620689655,0.8329581316635167,1.57392578125,-2.13759765625,0.8387355925259011,-0.8448123054143892,0.9998584617950455,38.900393390178685,1.9586340870810786,-0.2188316608297414,0.4070716218698103,0.10458984375,-1.47958984375,0.4621629594777374,-1.95987677365418,2.6408517391091753,9.290763780037562,2.0644568514635915,0.942474575700431,0.2957890207757847,1.59560546875,0.3423828125,0.9878003192210484,-0.11033731670892886,-0.3618792084195186,4.905357053200404,2.1299909981532266,-14.367137465560646,47.41639796077753,75.54268493652344,-130.1036605834961,49.5452261527702,-0.9248591037286611,0.6154401053238105,125944.39260038995,1.8209810202789685,8.570817365980986,71.19982532707616,180.22561340332032,-99.51829528808594,71.71383434824243,0.8255037329188248,-0.280467587296116,283974.6507990241,2.0668905808124163,-36.03145134867283,160.82877966713818,88.54268493652344,-423.7134216308594,164.8155388775969,-1.3459689547283864,0.3003998690953136,1448936.1604068729,1.5433129281684101,0.4349011111402869,-0.1778399641399173,-0.7104349315468362,RIGHT
0.19262608119419644,0.7285830031124488,1.333154296875,-1.522705078125,0.7536166131267196,-0.8842127278254993,0.3079527565363396,28.701901466106545,1.8723632947697457,-0.15690046037946428,0.35176091848041585,0.103076171875,-1.193896484375,0.3851668446757504,-1.9087310956068348,2.324686969620501,6.690342401142779,1.9821615750991142,0.9340148925781252,0.21143064478833992,1.33779296875,0.4955078125,0.9576464572655922,-0.12232330111641261,-0.7859377018623634,2.4170672785002614,2.1760372978925426,-18.60109153316732,41.384258939413826,59.57317123413086,-115.15244140625,45.37243099272643,-0.6480564907153866,0.18175828907353653,95938.31429304322,1.9218624856469797,27.617993458948636,68.36670653527203,208.83536682128903,-34.35975723266601,73.73438902695632,1.40134542424084,0.9123930849664053,261824.95381892318,1.8140076540235244,-65.30359609984515,128.04119426714416,52.121952056884766,-360.32318115234375,143.7327627680212,-1.113333379879783,-0.18281429083664502,918377.3206548176,1.529534062369009,0.40432127011335733,0.006811395800880744,-0.5937071777666967,RIGHT
0.08446237664473684,0.5767010634309266,1.377978515625,-1.4810546875,0.58285333457984,-0.3332733504559966,1.3052491902719554,18.630444736398502,2.0536019586152205,-0.10530084978070177,0.3032152333816502,0.201708984375,-1.056396484375,0.3209793555966279,-1.7559411233136353,2.425991202599956,5.150195917672124,2.079297647960391,0.9710526315789474,0.1984311029229572,1.36552734375,0.333935546875,0.9911196274434384,-1.2717871460745709,2.6567452618533673,2.2056734236355475,2.299811504271435,-3.8933463188639856,40.351055132926604,39.4817081451416,-87.26829528808594,40.53844836570702,-1.094346877837883,-0.29929469116910923,91207.70096476252,1.9470290730599926,1.5893239776293437,43.4634482146581,110.63414688110352,-51.82317199707031,43.492496840422184,0.8548030650206686,-0.08427755015814142,105820.56471501995,2.394951554031936,-21.915919395078696,140.97072309587497,122.85975799560546,-333.95733032226565,142.664124057541,-1.1250168320407385,-0.1838268273889101,1113216.340660256,2.022520125093581,0.4349400566925612,-0.4551425345378787,-0.5843543042813,RIGHT
0.04612801535087719,0.6986711465858172,1.398193359375,-1.6380859375,0.7001922342269666,-0.5093564569505661,0.5498253437971483,27.34433301054198,1.9552817006721679,-0.18619877330043857,0.3448666986535018,0.2111328125,-1.141943359375,0.3919222155208267,-1.4172074801684396,1.0442869582064986,6.662300800701666,2.1081539324794885,0.9505465323464912,0.18186041373452747,1.432421875,0.603564453125,0.967787125477309,0.041378546646522144,0.28596775816321296,1.8526699924468992,2.1978783381398177,-15.591035755789072,29.522001783699864,35.689024925231934,-89.5000015258789,33.38605974437641,-1.0042518976084327,0.5413473177256773,48821.74770155538,2.0439541039997167,15.993367758550143,68.6785876801987,189.01219787597657,-89.56707611083985,70.5162124479681,1.209533501382476,0.7439851826180734,264219.23397019244,1.8934185637535796,-39.87976068530166,160.2085313666173,115.93292846679688,-403.4146423339844,165.09745253929674,-1.2065138770824928,-0.0816786214885914,1437781.8478462873,1.7927564765756743,0.38456330927619037,0.1314056278819482,-0.4876630181837354,RIGHT
0.03606218610491071,0.7421555785532044,1.36806640625,-1.777490234375,0.7430312133714887,-0.6341494620724044,0.5284783402427031,29.78093221204035,1.7521641848639256,-0.18231549944196426,0.4004423122852098,0.182373046875,-1.4021484375,0.4399920303881633,-1.7955568756762983,2.148516403817596,8.670337209865963,2.1082037636594007,0.9583592006138392,0.2311439384015048,1.43271484375,0.542578125,0.9858396815207612,0.04064000776104265,-0.5498744014452801,2.8887910658737703,2.0538806512312227,-15.916880884609723,38.9950807726398,43.75000076293945,-109.91463775634766,42.11844514650983,-1.0793952391988182,0.278862968644356,85180.73169285897,1.730978025937501,4.781665201354445,69.0591086930999,206.50000915527343,-71.09146575927734,69.22445243975015,1.6409011326819019,1.806239930065928,267155.2145402418,2.020038338628517,-38.36403623045537,152.05939927995598,111.53049011230468,-385.4512268066407,156.82429717767837,-1.1545950269676515,-0.07193686915478992,1295234.0671479164,1.8513741402867245,0.4658438689002478,-0.08764889193085049,-0.6702325678948232,RIGHT
0.15281435210129313,0.7593253609596275,1.563720703125,-1.63583984375,0.774549694987098,-0.509252038253026,0.39998205315171553,32.326670092185346,1.7860547745836657,-0.1473624393857759,0.37890713422668754,0.235986328125,-1.28984375,0.4065541844694351,-1.7257887703880765,2.0319933497889346,8.049603440999984,2.057493160105937,0.939643386314655,0.27672564908425495,1.536279296875,0.229052734375,0.9795441686345616,-0.49627336798789795,0.25371894143416185,4.293424067020417,2.2314634557715447,-19.590822119671003,46.42721037135224,49.09146385192871,-137.11585693359376,50.39133034749516,-1.2815673426202594,0.7270609371828081,120744.37186984436,1.6970276494285768,8.908002334728577,73.61123887316162,209.43903198242188,-59.32926940917969,74.14827708070628,1.5644448543468086,1.2265425220763735,303535.8357404647,1.8133329806765175,-40.797818789565774,144.81238171912136,85.39024505615234,-377.0304992675781,150.4496191990886,-1.281514802846457,0.08760949743785984,1174716.612868716,1.678720142279129,0.3944292279432989,-0.1607634790689876,-0.5673244206811432,RIGHT
0.08739977384868422,0.8337614826313334,1.606103515625,-1.918798828125,0.8383298458175044,-0.5374045019900384,0.28386905228025894,38.94084524187548,1.767491983611763,-0.20671343887061408,0.3942283355282395,0.12265625,-1.471435546875,0.44513641318485875,-2.09974885039185,3.3514188574429076,8.70597449573977,2.0225696199439107,0.9220043516995614,0.2266099467256886,1.3892578125,0.248095703125,0.9494440965680644,-1.049890825823885,1.7288209626482125,2.876601185963072,2.166979689957377,-19.932178563088698,43.885706941129314,42.701220703125,-136.76829376220704,48.20007277996101,-1.4033525391830626,1.0320205973415968,107886.70145387937,1.8551802687033592,20.456354623091848,86.63086360095083,259.4085418701172,-67.8780502319336,89.01330784052595,1.4561021767181965,1.1303080410361126,420404.1605219489,1.8741753946136626,-41.19950935129535,144.80213986102277,102.82317199707032,-393.2256225585937,150.5491922234014,-1.2793125606458353,0.32273550276149665,1174550.455040828,1.8618475833633228,0.3566250162084033,-0.35970294523959173,-0.5883184011660237,RIGHT
0.11932285853794641,0.8610167651812431,1.79091796875,-2.11259765625,0.8692455432688964,-0.6016078307632051,0.9150282834748009,40.08405145250518,1.8258922428407915,-0.1552577427455357,0.3951232612408798,0.2490234375,-1.433935546875,0.424531928429497,-2.0057257663837103,3.100875111097195,8.441383388782368,2.1059596622585173,0.9431692940848214,0.36915306464546194,1.695849609375,0.0091796875,1.0128387346668752,-0.42761325890643004,0.21816413795164102,7.368195392838837,2.1823813786195343,-17.0892171863924,56.4861666774168,80.88414916992187,-161.24390869140626,59.01464538529907,-1.172113911365358,0.9027101350564322,178733.48529617328,2.0032132443772612,11.274069765262437,62.00825838302051,213.1036651611328,-49.762196731567386,63.0248265112046,2.0293020051432897,3.2425860361032592,215387.64355004244,2.1453387029321953,-42.94341142470376,143.26192045341676,95.44512481689452,-406.0426940917969,149.55973534609,-1.4631742359754465,0.7477722769423352,1149696.6213991658,1.8754797767253812,0.3600115533526957,-0.4720601811778402,-0.6802525723740485,RIGHT
0.05747659617456896,0.8718229312493856,1.83017578125,-1.88349609375,0.873715504360593,-0.20738209117141815,0.22062404950462877,42.614907693465554,1.6342895919348994,-0.18072046740301725,0.3985996661521573,0.182861328125,-1.41064453125,0.4376546368941797,-1.998474301008988,2.8812789196025674,8.90801288930575,2.0052750695041053,0.9368046201508622,0.2914772364509111,1.51318359375,0.213671875,0.9811023777899334,-0.6143790426220382,-0.0193406897228936,4.763366960366568,2.1188340729662833,-7.632007112001118,41.67692746022975,76.57926864624024,-105.03049011230468,42.36996359548694,-0.637897094321899,0.5430680312588438,97300.05951594043,1.8353177113951817,18.269256338738558,67.28339303605662,178.69512939453125,-57.76829223632812,69.7195862409912,1.2205089042099428,0.2166639260057419,253593.13146493252,1.9915184803329884,-48.083549166562264,148.986993870464,99.29268493652344,-403.4695190429687,156.55399082428687,-1.299573424934031,0.20043862637438803,1243421.6722236192,1.8059603523159158,0.29094459846659454,0.1440153851276689,-0.4692059991041711,RIGHT
0.04716368558114034,0.7173467744533899,1.444287109375,-1.789501953125,0.718895547389382,-0.5866562509892576,0.7500881464624598,28.825710289067235,1.8847503486467805,-0.19281969572368424,0.40653290872646414,0.1865234375,-1.308837890625,0.4499427085047315,-1.6016019319178594,1.4370485400209683,9.257913794764157,2.022146274264175,0.9381690309758772,0.23281104076523537,1.4388671875,0.462744140625,0.9666240796630345,0.15684907987725008,-0.5079695570882552,3.036189418990036,2.2354837035982738,-13.700042869961052,44.498694089740674,65.51829528808594,-128.7500015258789,46.55990711256941,-0.9345862935158897,0.678116040731791,110921.63167628192,1.9042941893861447,14.480959194271188,75.8884945354835,182.81098022460935,-95.31097717285157,77.25776195340022,0.5216799689953081,-0.6034573855296861,322606.8559603274,2.301136002713581,-33.563972197080915,154.53167561631045,141.2561004638672,-402.920751953125,158.13468625962815,-1.2159865273347572,0.19468647699926978,1337693.895858296,1.9937456291138684,0.4263662750281646,-0.3404320728630367,-0.7369477547743053,RIGHT
-0.035783811475409835,0.7493060575009552,1.31083984375,-1.839892578125,0.750160015577565,-0.5115472174322158,0.27739785843627685,33.69662986793827,1.823508382735384,-0.1529304879610656,0.3127267303298938,0.162646484375,-1.074609375,0.3481174256064119,-1.675607350760082,1.8281202589073047,5.869457858993162,2.158485303258776,0.9105460745389343,0.20951443717556287,1.525439453125,0.460009765625,0.9343395813317852,0.24572887958840117,0.872236159836572,2.6344859679283643,2.330839442242537,-5.586382212638854,38.97284571138159,54.79878311157226,-97.68292999267578,39.371187041653215,-0.7188483039227395,-0.2491377422435037,88202.33844061331,2.3652338032098874,6.662195363442103,86.04047203801056,215.0061004638672,-96.1768310546875,86.29801663760497,0.7421158714420194,-0.18754329780122259,429880.8710654617,2.2734674694813846,-38.0183947110176,178.49759280765696,159.67073669433594,-434.103662109375,182.50147663657643,-1.0170952116238277,-0.28852562698258666,1850084.0820215894,1.9618851968488236,0.3606854386244513,-0.21740420422820597,-0.44979971895244103,RIGHT
0.1465778219288793,0.659214996976744,1.369091796875,-1.43974609375,0.6753143491148865,-0.496627910867792,0.3321534370642283,24.36464738790194,1.9022155547219777,-0.10531384698275863,0.34021889356910023,0.27587890625,-1.05537109375,0.35614589974853095,-1.5264315824109247,1.3980896088294905,6.489656002362569,1.8013912762413131,0.9508182920258621,0.2805695686162159,1.399951171875,0.183544921875,0.9913499418895766,-0.8395179710561791,0.9079808267122247,4.4135322769482945,2.027574344461902,-8.349695264101028,54.18340106534414,42.90853729248047,-141.10975952148436,54.82297294028561,-1.3313001442581065,0.40483094564179645,170469.83872539568,1.765780671101374,3.3879066110650693,36.43773962366832,86.56707458496093,-39.573171615600586,36.59490101212936,0.9934962808968733,-0.36923741527101983,77093.55101150334,2.0898879369607783,-21.769716341495506,127.27992410512958,94.45731964111329,-316.81708374023435,129.12822940703836,-1.1836095652624046,-0.012620866287438748,940679.9538651119,1.8661096513192117,0.6316219942097658,-0.6169624129522484,-0.693005582841163,RIGHT
0.12995692661830358,0.7626455768268028,1.47666015625,-1.740283203125,0.7736388554290444,-0.7390650355587421,0.6188500047301004,31.448123132442607,1.9251714049047985,-0.14644165039062498,0.4119941654792599,0.216650390625,-1.30927734375,0.4372463257227919,-1.6125751677253528,1.4818416617165102,9.177659560894144,1.923394892065294,0.9277535574776786,0.2750393382147859,1.554296875,0.34423828125,0.9676638367625999,0.013425427201769114,-0.18834567925109313,4.090139439517054,2.068231043577233,-15.990158744966774,55.86219842298423,47.87805042266846,-152.64634704589844,58.10568293495998,-1.2272903061432536,0.27865758271262653,174806.57510165774,1.9251942813380747,3.7119173087571804,66.55622104720513,166.12195434570313,-86.27439193725586,66.65964964047951,1.2490789457137237,0.5094984560901898,248141.28602955714,1.9423659865575336,-30.39784069144935,145.18714138103934,115.56707611083984,-361.0304992675781,148.33521072591174,-1.168633044130922,-0.07340958306722234,1180804.5735650137,1.8491729793555118,0.46122278621934837,-0.20923949109107895,-0.6701997092249479,RIGHT
0.12657492897727277,0.6877812413548412,1.375146484375,-1.31357421875,0.6993312867341258,-0.41848981018296966,-0.15397160248687802,25.552771138889444,1.6519401420626139,-0.08294566761363636,0.2986773867133833,0.29921875,-0.842626953125,0.3099809108796988,-1.3712049007189828,0.9155571246152543,4.8188347952706465,1.8414895506243496,0.96302734375,0.2081434648983658,1.594140625,0.4896484375,0.9852641101705055,0.7653787348439883,2.182868318747973,2.3402535444498063,2.049413662530607,-3.9280059783082257,12.82631569770529,13.164634656906127,-43.097561264038085,13.414305995571532,-1.5577452272051484,2.0116272989015167,9215.6414198539,2.2158922987193166,2.7189775236865934,54.42906603516924,172.5548828125,-44.57317199707031,54.496936319715495,1.906172028052664,2.56299190573489,165952.37883652042,2.1065473471271945,-36.70485759931698,123.98268068958154,90.5487823486328,-316.2926940917969,129.30178530229534,-1.1219336421254484,-0.082935449743466,861080.5156130503,1.893565255256405,0.4427431741329961,0.14397118998917166,-0.26638482301449623,RIGHT
0.18592203776041666,0.8927961164255354,1.9580078125,-1.91748046875,0.9119495104606964,-0.37384403743858813,0.3476932264251711,46.28244718136327,1.8868659079508399,-0.13385742187500002,0.4524234757427745,0.28515625,-1.36650390625,0.4718101427419662,-1.6345058881283536,1.3798229885322382,11.88506366775882,2.0159697651164885,0.8845353190104166,0.3289267122201529,1.6466796875,-0.01337890625,0.9437136814674347,-0.7562497762663585,1.3576642422340433,6.282165498579704,2.343154533713677,-22.391972081661223,61.82856774377211,34.67682991027832,-197.0182983398437,65.75843826424189,-1.5787247055758236,1.353261958603718,221973.03511125123,2.0160156368954114,9.321341821750003,75.76536480406914,214.256103515625,-54.25609893798829,76.33660928579147,1.6808335932063703,1.4112632505147227,333314.004234488,1.8646741790500305,-45.98323257287343,153.85689612932876,103.86585693359376,-403.8475708007812,160.5814502500274,-1.2590431987136128,0.13137424591307978,1374524.9120393551,1.8206555410507081,0.47966216920358407,-0.534719255579557,-0.5792101986333262,RIGHT
0.21410533168859652,0.7578437194117394,1.5595703125,-1.657763671875,0.7875075847947772,-0.6914490374493529,0.5333450717253458,32.17221996233382,1.8129319978420302,-0.1954641241776316,0.5043964850581989,0.5083984375,-1.61298828125,0.5409455037058672,-1.4905859113295277,1.4691804669574413,14.25167207134181,1.967337227756025,0.9399208470394738,0.3095734502697446,1.54091796875,0.16123046875,0.9895892682377451,-0.6202861482205623,0.7491811292730164,5.368452722286355,2.178015045492066,-19.07430048871923,66.01188280558509,34.15243988037109,-198.4024444580078,68.71242690134191,-1.5904837751931644,1.1988303978996724,226905.92042272558,1.7446246012374078,-0.9786586002067283,46.24208446715305,133.76219787597657,-50.53048934936523,46.252439379162226,1.6076752404182597,1.7640276739830734,111347.52696861803,2.020645780175848,-40.66723256817571,152.97660478038088,128.36585540771483,-378.4329345703125,158.2898146277484,-1.0123299467877567,-0.30207680569894846,1218613.8925469185,1.873663966546206,0.5202658597989378,-0.6315300818009937,-0.7602087201692644,RIGHT
0.1606613685344828,0.6901795960605608,1.2232421875,-1.727587890625,0.7086324506806696,-1.0528820274634298,1.060130579571915,26.707636318524678,2.0613333416153763,-0.09426606276939654,0.33633449576820884,0.297998046875,-1.019775390625,0.34929498083095767,-1.5859457693669459,1.517053346999532,6.342312734047571,1.7992047751882472,0.9638326710668104,0.2072691522098538,1.486279296875,0.5380859375,0.9858670900651739,0.25848068021481124,0.23335902703839206,2.408666088342666,2.2246889322457957,-9.190843333277783,41.192393891996524,49.01219635009765,-102.22561340332032,42.20527118418088,-0.8881863713114472,-0.1281437045904159,95050.80101696504,1.6446946756083247,9.470582333050277,39.5812220909418,106.39634552001954,-41.92073287963867,40.6984652283049,0.9153093479247613,-0.1680874141237414,87760.70756979789,2.002583422803892,-19.209884782423057,128.308286671959,104.18902740478516,-307.39024658203124,129.73833705596653,-1.0102377448766457,-0.2755101840466532,922212.7651176815,1.7321215628981164,0.38564697891797634,-0.492922730455906,-0.7605723013403443,RIGHT
0.1027686403508772,0.6302393449007898,1.128466796875,-1.337939453125,0.6385632508221442,-0.5974159834814935,0.03530804816294264,22.25013968821229,1.5382119603009667,-0.10909830729166665,0.27017601061034907,0.170263671875,-0.85078125,0.29137178546185694,-1.4659307726483726,1.16942849717595,4.0889828315274475,1.9385558299375205,0.9688913445723685,0.14621930017499446,1.2580078125,0.6060546875,0.9798625012372487,-0.40673551284464426,0.15948339360379915,1.1976533117787596,2.1232290496187085,-11.675331806718257,20.230523557052642,9.573170852661132,-56.39634246826172,23.3578136003657,-1.0908480285010729,-0.17610010444452717,22926.405119691513,1.5137806096271336,12.182713115424441,42.6221582322104,103.65853881835938,-32.91463432312012,44.32907478421262,0.9012566192586214,-0.7048605955068723,101763.63037647007,1.8449097500647729,-30.854836536708632,132.43031232419236,112.3780517578125,-313.4146423339844,135.97723544766654,-0.8779838094403071,-0.49191862539145514,982418.4824965154,1.8656471987594736,0.47702092348649916,-0.06934586973004847,-0.5358668803391504,RIGHT
0.2053967927631579,0.706733595855236,1.575244140625,-1.605908203125,0.7359756911664024,-0.6273877625337608,0.8802065807321555,27.979064621267646,1.9720512107516524,-0.2048031455592105,0.4062050919551082,0.166796875,-1.465478515625,0.45491417340109896,-1.8071261529160116,2.286998418591561,9.242989168907034,2.0568120669037926,0.9433679413377192,0.27096775160037956,1.577001953125,0.1734375,0.9815124019344491,-0.722777469234719,1.7209480671779103,4.112983177612568,2.3121711000162395,-21.313864529760263,51.36931632382416,44.93292846679688,-149.82317504882812,55.615532729356104,-1.243849804952008,0.3602787315106384,147818.66960286247,2.0318913274284247,21.63190034450146,68.39488710388795,182.64634399414064,-47.939025497436525,71.73422958719235,1.116070229187935,-0.097979050175935,262040.8453580548,2.0222865223146402,-35.40746764300162,148.59812602619803,95.1280517578125,-384.57318725585935,152.75827906659606,-1.2884216410376035,0.18457093369751565,1236939.2851217152,1.694495264877217,0.4314950494041273,-0.3985954118913519,-0.5726526103647761,RIGHT
0.12181691136853448,0.8193352639309253,1.847607421875,-1.612939453125,0.8283414963746103,-0.12816311846795161,0.12467386812463532,37.63817066343624,1.6937465478977205,-0.1349828259698276,0.4408767736699929,0.28857421875,-1.446337890625,0.46107775143511637,-1.7955438644311574,2.2429711715876692,10.897910590489705,2.0266297792675965,0.9390086206896553,0.2399268059013407,1.60693359375,0.37890625,0.9691759705644317,0.12019717565796731,1.3361446486970978,3.2274718461036684,2.3212804615568454,-16.765190773888637,39.03261348370027,29.585366249084476,-121.65853881835938,42.48077844217101,-1.599532862050628,1.4588843533703022,85344.78327638685,1.9301015142356297,6.9721866490548114,58.821309541758694,177.64634399414064,-48.39634246826172,59.23308064651585,1.5406887499619877,1.4472481396128325,193816.655796859,2.0673823714196202,-43.97839121065642,142.25106956780994,114.05487976074218,-378.3475646972656,148.89414255323626,-1.1520131005782672,0.026676345559403902,1133529.426052776,1.873709358470975,0.3727952828140179,-0.5069570158008602,-0.699328901065928,RIGHT
0.043060513200431035,0.8135144152951456,1.486962890625,-1.694287109375,0.8146532462895408,-0.2791814675461279,-0.11449712214887864,37.10532908606531,1.697423595960051,-0.1404170595366379,0.4543184076791017,0.3064453125,-1.558837890625,0.47552304483062663,-2.0482956872754574,3.0190097842677197,11.572525160710017,2.0502884732458315,0.9348607556573276,0.37123931670780314,1.695703125,0.15322265625,1.0058743772151004,-0.023370562826858947,-0.11018252241249016,7.727038653930028,1.9694065430097731,-13.464163854352215,51.08140385773836,103.51829528808594,-135.45122375488282,52.826068643939536,-0.1325389269396801,0.706952851507495,146166.3380246787,2.0925698204215073,19.977000812062048,59.15700025297726,156.4207336425781,-47.76829376220703,62.439020174694285,0.9560323230750579,-0.2417855140989844,196035.1751007933,2.285076611849447,-42.86275131493285,165.06769616390147,123.89024658203124,-432.5426940917969,170.54195896360483,-1.2195065223842207,0.1247274206942004,1526321.0635426193,1.8704718017653883,0.33437835869253957,-0.13411231175503008,-0.677876351992707,RIGHT
0.13824751420454545,0.6152502816216224,1.00537109375,-1.36455078125,0.630591218000395,-0.877638634771987,0.19588074171645697,20.447536604149,1.822226513447047,-0.07248401988636365,0.25644076330226473,0.158642578125,-0.81796875,0.2664878950758081,-1.596559571393563,1.6645907928681885,3.552315033503941,2.105474994084515,0.9488734019886362,0.27562502866402305,1.614306640625,0.262255859375,0.9880940691186907,-0.1616284043414593,0.8069605451161985,4.103691039085388,2.170709083255445,-18.97177093658182,40.76174738443498,38.12804985046387,-115.3780517578125,44.960517593802486,-0.9984882493732776,-0.020386285636935675,86518.05165031596,1.80328380884821,6.527891087311286,55.76552968684522,134.0548828125,-63.378048706054685,56.1463058740485,0.9716753465168331,-0.1932929086321442,161932.08123711095,1.7726550551338578,-28.877936817098547,139.6993128329879,132.56098022460938,-301.9634216308594,142.65284168505497,-0.6917636109476046,-0.8054704725772797,1016280.5206995802,1.9332450858681585,0.39479050710592967,-0.3196127481859567,-0.47345043156049066,RIGHT
0.032061767578125004,0.8648170119783611,1.76748046875,-1.92392578125,0.8654111283935598,-0.341873827120098,0.30055438236305143,40.438825741471916,1.7988044425605212,-0.1738943917410714,0.4263315608110091,0.2349609375,-1.2724609375,0.46043225258722736,-1.5393130306440632,1.0806096944911037,9.827591951962173,1.9806954650565625,0.9146946498325893,0.2134341698134501,1.43984375,0.377685546875,0.9392659087161206,-0.054511972477918225,0.32739988200459624,2.463174033987112,2.368238454073572,-17.2063010054606,37.84564274539128,62.695123291015626,-103.36585540771485,41.57342262915458,-0.3687614023723147,0.28362040657111587,74584.60903163523,2.0627496215754033,18.914521883924802,95.57155747704424,271.9207397460938,-108.46951446533204,97.42526231263346,1.4044956325604325,1.1188136233186823,475631.90625425975,2.1153853205089055,-36.56436417897542,154.54757623884197,108.21341705322266,-407.44513549804685,158.81406124494586,-1.290984139810002,0.252003810081721,1243752.5266771268,1.8190150516924244,0.2978976691595632,0.33215146634056647,-0.5161945978907717,RIGHT
0.12407815867456896,0.6702398567632296,1.423095703125,-1.39775390625,0.6816280914502175,-0.21635636192272464,0.10823276767734846,25.186351415872576,1.8102999739255459,-0.2063451306573276,0.3228768160922732,0.17490234375,-1.05712890625,0.3831810946744023,-1.358618541294844,1.023188690761411,5.844938825527827,1.7145762314838227,0.9622314453124999,0.1532977760285807,1.22470703125,0.474072265625,0.9743662363215855,-1.6046148006197665,2.7246597416070717,1.3175783905188243,2.2902849713342532,-15.353230887546873,37.11205222289978,33.33536720275879,-103.38414764404295,40.16249642242826,-1.0647047805985699,0.019471714553441544,77152.79415886784,1.8227484199868835,6.472079479485227,61.346559233183136,168.78658905029295,-68.40243988037109,61.687017617479455,1.149869626179916,0.491063491364812,210815.30467860698,2.0514368629706285,-19.2595210725801,136.3086603969094,131.3597625732422,-337.7378173828125,137.66255863939594,-1.1190019063841299,0.039180588695595375,1040803.1960603569,2.028940848130618,0.5694599854969444,-0.30662535224144816,-0.3378577007813416,RIGHT
0.07756173270089287,0.5823467449942092,0.96826171875,-1.382666015625,0.5874891946111991,-0.8089122635703835,0.22490711715275502,18.336692460816483,2.13253082402945,-0.1264334542410714,0.21702405407961575,0.155224609375,-0.785400390625,0.25116699305537954,-1.7912763830131195,2.476425641004403,2.5466215048165153,2.055473543623216,0.9776960100446429,0.2552486832907345,1.622265625,0.40732421875,1.0104659214337057,-0.04565781848679637,0.47406573568391464,3.522717578493315,2.151566602253256,0.5900725555001644,39.96970966360709,67.20731735229492,-85.21341705322266,39.97406504489881,-0.6239329081517337,-0.48977041528908805,89491.89511615183,1.871154891630845,2.975716596528104,56.18681064720948,121.84756469726562,-92.60975646972656,56.2655541158907,0.6268951478299966,-0.4076040616692267,176844.06098451305,2.075693203903084,-5.010376756233084,162.31598573801065,176.41463623046874,-351.31707763671875,162.39329758749736,-0.9260454808261168,-0.38552951021370774,1475857.0863035452,2.019948300691409,0.28506616832614806,-0.18620518857749999,-0.763186401718933,RIGHT
0.08082253974780702,0.945729339332074,1.934130859375,-2.457958984375,0.9491766253994917,-0.6832997347199401,1.0826734306105124,50.102043821647236,1.935584048050141,-0.18801912006578947,0.46335378296754703,0.316650390625,-1.57314453125,0.5000479154047643,-1.7444977124644918,2.0911051685611,12.026718446386269,1.9320296355723368,0.9259731359649123,0.23192827676335123,1.551123046875,0.408935546875,0.9545768560420431,-0.09005196794461491,0.9132619623630096,3.0132080577981872,2.4088723939216425,-12.600342646607182,23.355578033733703,32.414634704589844,-83.16463623046874,26.537740297578694,-1.3020485670191533,2.016248465343063,30556.45429597654,2.1413023304241947,12.328092436623155,89.50323640723721,251.32927856445312,-137.1280517578125,90.34827718609647,1.3564914420817136,1.3613317036929224,448744.56007973204,2.135921053823114,-42.82798600071355,167.92166261845614,100.89024658203124,-457.7195251464844,173.29720471324381,-1.363111279405982,0.464744483299659,1579556.5144655164,1.8195576349956444,0.5060437943164547,0.40282027299147233,0.0029457907680989614,RIGHT
0.07032209123883928,0.7565450471332518,1.424072265625,-1.795068359375,0.759806294300105,-0.6956596945484733,0.565400712717206,30.94705636813723,1.7596561962044612,-0.12861066545758928,0.3448264572688411,0.262158203125,-1.162158203125,0.36802987501291773,-1.7322795778713371,2.2087599246330134,6.429088296561406,1.9835641725117896,0.9582371303013393,0.18741465304573807,1.486328125,0.49697265625,0.9763926720661111,0.30388093703783836,1.6815106279423704,1.8991326016393204,2.1194608456012567,-7.685601395054867,15.327968791964278,25.920732498168945,-48.34756240844727,17.146868404787508,-0.41445849954409014,1.0916712654936696,13161.061932014873,2.0710104651375287,12.79097156524658,59.18450542482389,179.42073669433594,-43.14634246826173,60.5509259711522,1.4682304906929857,1.1006130846144613,196217.51141475682,1.9247096965359907,-43.96234589585087,139.17732891562977,80.21951446533203,-381.713427734375,145.95553001087637,-1.3545169909079786,0.4095329489581472,1085072.3886966626,1.7629776788909812,0.46346900540817004,0.252092492890923,-0.22584891052859768,RIGHT
0.01344075520833333,0.759105235136128,1.357373046875,-1.7943359375,0.75922421715304,-0.4138279170486976,0.31491946552714944,33.45920779105157,2.0944454541174404,-0.13532958984374996,0.3440351421885525,0.2439453125,-1.208837890625,0.3696948430097114,-1.641005895458025,2.0628173280866804,6.872540694667444,2.1564567788226734,0.9668636067708332,0.24692928907837033,1.7509765625,0.30673828125,0.9978974435795764,0.21005666796288974,2.488800539594652,3.5404418942236133,2.3462263388732905,-0.2515245172381397,24.55949531547331,52.40853729248047,-67.56097793579102,24.560783267915692,-0.9297891135725732,1.267142817168316,35024.4730198396,2.237951656332883,-3.2254064073165267,52.14539936582422,147.7317123413086,-62.560977172851565,52.24505643133769,1.5495832181016171,1.4431168916018127,157886.9680221233,2.2528938724638543,-14.267073272069291,146.77291411700432,155.64634704589844,-370.6707336425781,147.46469983744626,-1.1958517358196261,0.33447021694011436,1250928.4130139155,2.2039847731033313,0.4483111765929598,0.035195410386330825,-0.4151093266602208,RIGHT
0.05275322094298246,0.7637341693841628,1.420361328125,-1.8755859375,0.7655539065309356,-0.8445406118782401,0.8337824027449048,32.67429008524992,1.9732852409637198,-0.06931109512061404,0.40023529877750263,0.363330078125,-1.371240234375,0.4061924695194824,-1.9403535016476967,3.214756125271868,8.973306352845555,2.0299335679341954,0.959559176260965,0.23423887670320362,1.492041015625,0.513671875,0.9877356246009354,0.041589033684983484,-0.48035480822410337,3.0735456735512305,2.1303873024811915,-4.537119828190719,43.780634516388545,72.8902473449707,-100.84146575927734,44.0151043960247,-0.49535387303005185,-0.4271408127143532,107370.70899445713,2.36498159812105,4.366816598595234,31.430019201356817,94.7987823486328,-30.74390373229981,31.731927048375507,1.30618307514264,1.1065645222426106,55336.413821299866,2.2032318602024348,-5.640136876022609,142.4536868106434,128.8353698730469,-332.8719604492188,142.5652974251629,-1.0969555268089886,-0.13162448323409448,1136760.8418350846,1.7547603166403325,0.5118993688796992,-0.38737702162755994,-0.8100904334192011,RIGHT
0.060714666193181825,0.5692189171116561,0.913916015625,-1.3060546875,0.5724477673017127,-0.7796496343634851,0.12570492572603165,17.50233537827219,1.7539292251050889,-0.11743785511363636,0.27927922213664397,0.178125,-0.8861328125,0.3029662253963969,-1.5149904932232978,1.2041917073386905,4.2132245330299645,2.0304100101292706,0.9661603338068181,0.24030116009519256,1.583642578125,0.530859375,0.9955955193575339,0.3183383441169036,0.2770801354983119,3.119242121747561,2.175900181302091,-15.529311377332922,38.242692681878125,49.719512939453125,-98.41463623046874,41.275453424701915,-0.7387058883470605,-0.2739801098483472,81925.41401772945,1.9810396105116053,2.623235162308341,57.99467047064004,120.18293151855468,-97.49390258789064,58.05396770001943,0.2624603492086983,-0.7549440616913774,188407.3703093262,1.8655716589055846,-36.270861498514805,137.55845564624454,74.04268493652344,-339.07928466796875,142.25998774646465,-1.1637593513737152,-0.23133757722156512,1059976.6553545631,1.5874952894353267,0.3678152197717549,-0.20460418636447442,-0.7868721714321103,RIGHT
0.0024536132812499997,0.16696692913641345,0.42333984375,-0.328466796875,0.1669849563385218,0.3040977093240828,0.3516978100524115,2.8446528521123917,2.828839021838891,0.020144888070913466,0.32371197474391267,0.74677734375,-0.70078125,0.32433818632407935,0.6535948253979299,-0.08768975855269234,10.692484391230456,2.3086333255633416,0.9397498497596154,0.7753176918814059,3.06474609375,-1.306787109375,1.218296886422817,-0.5101670917660696,2.6965719786843847,61.336676114730125,2.253424673023751,-3.504124424095249,174.77298184408025,516.7073303222656,-184.95122680664065,174.8081064214436,1.6891418621795085,2.0915768775538277,3055734.3559588413,1.8630072020651824,-6.716941728369862,51.520585468923336,177.66463928222657,-83.60975799560546,51.95659759109472,1.4005214388799803,2.7390108868944996,265539.2242774776,2.4509121145692463,-1.078849865875992,13.135573096406578,31.54268341064453,-19.189024925231934,13.179802639043608,1.0661950152083894,0.09084322058296745,17260.996727202484,2.3179448420275444,-0.5028055264098801,-0.4894614497569058,-0.3539114689831792,UP
0.009157986111111108,0.17471091025775545,0.43330078125,-0.41591796875,0.17495076699661757,-0.2520078794054489,0.418652236012091,2.4422844157567836,2.567534184484966,-0.08836082175925926,0.18918730911546966,0.373486328125,-0.469873046875,0.20880486764518652,0.7047146028396076,-0.18828047488196642,2.8637835202566,2.350643307306421,0.9786006221064815,0.7158026381987087,2.632861328125,-1.11845703125,1.2124490069439722,-0.9496848136718682,2.3740978145274063,40.99612180448158,2.1084412165640174,2.3221166054407734,159.15348265586272,405.48781127929686,-242.3719512939453,159.17042208594933,0.9032035310155111,0.5446305584940383,2026695.383697754,1.6413970547830647,-0.8635950615376605,65.99886496288154,191.14024963378907,-93.45731811523436,66.00451479117915,1.5676072137144583,1.836686153818989,348521.1342351961,1.9816019527488316,-7.786209109683095,22.2482585087699,23.01219596862793,-63.18902587890625,23.57138220327277,-1.2344758940882403,0.60373877735368,39604.83693636458,2.1399512814675226,-0.3274632408400881,-0.4290096920428762,-0.5205740643321388,UP
0.028685927972560973,0.19900178778905564,0.6705078125,-0.315576171875,0.20105868299301896,1.409147563050174,2.3036419097206178,3.170023787475767,2.4723698472439932,-0.10419564596036583,0.24189649586529938,0.339306640625,-0.622607421875,0.26338308098472973,0.39245335702570733,-0.5825890438138153,4.683936570144833,2.4082843709720723,0.9520150533536585,0.8764240990366698,2.85322265625,-1.5423828125,1.294006129500246,-0.9943547471027386,1.838154114385084,61.486118269193746,2.1466078107349826,-3.953628671978727,188.79189902376802,434.060986328125,-282.7500061035156,188.83329239484362,0.7171070945114204,0.02522116249177664,2851825.1541446475,1.5788485824668672,6.874285165763195,60.6063573324568,196.2195190429688,-82.63414688110352,60.994969838911075,1.680394439209503,2.416366374547861,293895.23820374435,2.093723806429113,-5.45746772200973,30.196583093947503,62.84146499633789,-54.76219635009765,30.685787988683856,0.13224125126617275,-0.3186151258278884,72957.81036629785,2.2592261532451925,0.2132157053397776,-0.6958652787992017,-0.6253373196260426,UP
0.0025205592105263155,0.21534982299410357,0.701171875,-0.4328125,0.21536457341523352,1.3299242785197183,2.862059895231046,4.359784427384534,2.7168236062769617,-0.08174701891447368,0.19914609420457316,0.57197265625,-0.47666015625,0.2152713216811288,1.3788098049256432,2.1036790564611856,3.7283747989932703,2.6119192607487074,0.9806717722039474,0.6817564301336096,2.452099609375,-1.323095703125,1.1943655030291833,-1.600444087152082,3.631039160634195,43.695273604243994,2.384565640337787,-3.666798197582204,167.08410022544734,441.1280578613281,-281.8048919677734,167.12433083536675,1.0396043169591014,1.04389847744363,2568669.872818364,1.9743161784873016,-4.200957219959586,48.81121328076103,173.97561340332032,-76.2743911743164,48.99165830530614,1.8119503781539597,4.008870248126099,219218.52397062286,2.4300980480445067,-1.9636768611528541,33.76255790780347,64.7378059387207,-82.47561187744141,33.819614771502195,-0.16750448904879656,-0.017558236083442313,104883.87582145039,2.1128795767062067,0.2521859837741768,-0.716662028054754,-0.29213140187470554,UP
0.06123701272551547,0.2329770842565275,0.850537109375,-0.40537109375,0.24089062562959573,1.2731872150883285,3.091671846389148,5.211272752139033,2.6177886193906064,-0.10677553157216495,0.28138137430057314,0.394189453125,-0.81162109375,0.30095928619299595,-0.05872277344604488,-0.052484626754174535,7.6016537821536145,2.570072223883293,0.9705183835373711,0.9537718017831536,3.02099609375,-2.258984375,1.3607301652644712,-1.5209692815534175,3.8971104667183445,87.33862484377255,2.137809282971182,-3.0107973826428336,200.55899280426365,557.1829345703125,-340.7865905761719,200.58159061972765,1.366002896466508,1.6793134978598223,3782689.8606605814,2.011490826655928,1.4527437438567479,54.51802072582448,180.4634185791016,-75.33536987304687,54.537372949627326,1.4276973672327364,2.170191048940996,279509.5660431383,2.325999266287071,-0.15536090073486153,31.620674902759436,94.41463623046874,-57.13414840698242,31.621056565451408,1.2065215467647703,2.0844585306735395,94028.3920108294,2.3379325405462805,-0.2835570490028639,-0.7123172502544639,0.04920025215877047,UP
0.02662873220915842,0.29718195426655886,1.153857421875,-0.456591796875,0.2983725914368781,1.951953607339408,5.226448047340732,8.832577248227361,2.6617977793043606,-0.11178594910272277,0.2851273793857119,0.599609375,-0.750341796875,0.30625760544378366,0.5909107611883886,0.2559497236015371,8.130559283050836,2.628919304118715,0.9650376121596533,0.9469735773374547,2.993408203125,-2.54541015625,1.3520564148947711,-1.828885334995343,5.314928645860656,89.68468737200193,2.3216790342206304,-2.1681450498224453,199.09688085483756,542.6951293945312,-372.9085388183594,199.10868594584832,1.2404748771142111,1.4870515459581508,3885074.056359949,2.0864237103163945,3.7493225881547643,54.092324541921336,162.0853698730469,-80.57926940917969,54.222107983908124,1.0809316018397832,1.2293231621350076,286775.25808190095,2.290946379173779,-7.089739071479952,36.66554039286777,89.78658752441406,-86.01829528808594,37.34469510389243,0.49721714309440973,0.7258656029357549,131760.9051440228,2.283071760878327,-0.3223225805939361,-0.7132345458374255,0.09614157010709615,UP
0.02607835672669491,0.29217706128162413,0.72236328125,-0.482275390625,0.2933385686007394,0.5579727141482738,0.09357699855896673,4.952734028657276,2.3482292612850695,0.030513440148305086,0.23682065754147683,0.37578125,-0.562255859375,0.23877833626202702,-0.6262208189618833,-0.34501211894292316,3.2538081163565304,2.367975637302847,0.9296734308792373,0.9120958842123815,2.51865234375,-1.536767578125,1.3023868818749436,-1.2724890605500145,1.3724521415673179,48.2651616308689,1.8757239522114377,0.6270863415902131,191.37967558936705,423.109765625,-226.90244140625,191.3807029613257,0.9950964972897014,-0.24153380704041894,2051697.578672728,1.7517095696471225,-3.1005566555157045,64.67733732549739,150.66463470458984,-90.28048858642578,64.75161322384363,0.8477722639954086,-0.27809487471643735,234328.96937007,1.954853594976665,1.4421268693187772,37.94592704757124,78.67073211669921,-48.39634170532226,37.97332102156473,0.4337425543155711,-0.8474522216123845,80658.85499989992,2.2749492776213294,0.17674963922318312,-0.6896877688047738,-0.23521923077137918,UP
0.0375244140625,0.24769602370950883,0.64970703125,-0.375,0.25052225811738865,0.7973031312399288,0.4498738534739739,3.5625654072915345,2.2689876126179627,-0.043217773437499996,0.3005624103092539,0.37431640625,-0.9412109375,0.3036536488037043,-0.8500697789965799,1.0016206262934793,5.245701298713686,2.458385714948756,0.890595703125,0.948637335575058,2.68974609375,-1.527783203125,1.3011815787474315,-0.9152911469132191,0.9696586465654793,52.25304989691705,1.7506683117619404,27.973781223297113,183.73792896354635,460.57318115234375,-200.8658599853516,185.85520970836976,1.0121069195453916,0.10519147934679429,1960298.7950576872,1.9916817799171378,10.52225644906362,60.01628819034308,152.97561492919922,-55.713416290283206,60.93170544902034,1.2495894345499878,0.16306859757065428,209149.74163940846,1.9626977724230548,7.856910917063556,34.825580005020996,83.25610046386718,-50.40243988037109,35.70086934298366,0.27967777066523447,-0.3730953346878443,70424.25976521306,1.970960442817366,0.005530211273555478,-0.8046514910670155,-0.38687811477462997,UP
0.02395487034574468,0.2347314728326873,0.781005859375,-0.485009765625,0.23595063075034162,1.4768031806892727,3.376067701774218,5.071405200560888,2.519593769963038,-0.10707176695478725,0.24062199561867845,0.47890625,-0.4833984375,0.2633691478786678,0.9399996870136453,0.23956125713908882,5.329162671665353,2.4749571318700028,0.9590555393949469,0.7725723821044668,2.4134765625,-1.463330078125,1.2315257257705594,-1.3793933966794218,2.562437409877358,54.93673893426856,2.1749575370081073,-4.639982286576301,172.08741627910746,420.8475708007812,-242.84147033691409,172.14995869078376,0.898078441075529,0.41861084042004215,2724810.296820863,1.772135061437102,-1.2274455261486832,48.59145014640734,120.02439422607422,-118.83536987304689,48.60695063311884,0.12918766008822136,0.5069797593693353,217248.9889083404,2.2503858408657824,0.39444013936545247,34.38505032293869,81.59756317138672,-66.10975875854493,34.387312612860114,0.3656402679016949,0.1550131107918613,108787.09308207086,2.016338930038718,0.1836597327295628,-0.7775528698659212,-0.5072724792021324,UP
-0.0010430975274725296,0.21077776843767268,0.712451171875,-0.398486328125,0.2107803494636466,1.37597929660275,3.15404242076104,3.9989369951642084,2.5696686224236864,-0.10517524467719781,0.26900030096292205,0.426123046875,-0.79326171875,0.2888303896944555,0.13106629414437515,-0.14140402030648902,6.513291107001512,2.586001787888905,0.9774676983173077,0.8818567380759706,2.891748046875,-1.89423828125,1.3164780316221485,-1.4960063349186359,3.537964580168887,69.99887053308281,2.1699165214972513,-3.3439712377389306,183.98465916935322,501.9817138671875,-276.76220703125,184.01504545363105,1.3282283812882816,1.4162586622206943,2980303.055692418,1.9593585075257418,1.8193091445499003,48.53242256506009,113.21341705322266,-74.2743911743164,48.56651033167811,0.6884248350099648,-0.19380452339593468,207377.3121314471,2.2446038764805363,-2.0847560752100414,29.556762527347143,69.40853881835938,-50.4756103515625,29.630194379907763,0.6869878836341575,-0.16798191519248284,76915.14023794973,2.1332447355885127,-0.1187005696333996,-0.8402776255335178,-0.017532845009773552,UP
-0.01482212611607143,0.26659377577409776,0.894091796875,-0.36796875,0.2670054993892273,1.9577644151342204,3.7580663117812447,4.836886217660374,2.427932945361286,-0.03414132254464286,0.26918150063077095,0.407958984375,-0.72822265625,0.2713379998948379,-0.323890635472757,-0.40439892205793226,4.931337684591612,2.51283100902776,0.9664376395089286,0.9028518622767893,2.42939453125,-1.807080078125,1.322551774516316,-1.6819585437399802,2.6045727487774872,55.47501049194071,2.067014129365714,0.7454933940500489,198.98127069893943,474.0426940917969,-302.81707763671875,198.98266720839075,1.0399352163008169,0.4663569366909037,2692926.7561365794,1.8301643378577854,-6.559915451381518,61.631782077274224,166.3780548095703,-100.34146728515626,61.979908460322,1.2570545714840777,1.127388591461881,258350.67016828826,2.1784571945921862,-4.2857017511043,31.322375820427915,51.88414840698242,-50.76829376220703,31.614213046279446,0.41798568064111763,-1.2020648619536862,66728.21902741429,1.9813225514845128,0.1262506331975441,-0.8151114125145901,-0.09815549130323228,UP
0.059165384311868685,0.17547797784516891,0.543408203125,-0.25361328125,0.1851838637932601,0.7015449596845951,0.7741866871975795,3.0179749546527863,2.697475909403939,-0.030478121054292928,0.29495014201341085,0.723046875,-0.689111328125,0.29652066055627796,0.9030299578647769,0.7830077005368059,8.526437410688402,2.4943052328216377,0.9688688644255051,0.8422883255377906,3.1568359375,-1.85693359375,1.2838054758375284,-1.065119429244273,4.043983975140953,69.53315758328436,2.2780656355418363,-2.017615524686948,174.8651561829252,528.5244018554688,-246.49390869140623,174.87679554270284,1.6660727635640848,2.3489407746988054,2996932.417222595,1.9734002576122383,0.08949263433013335,71.40861943460526,202.8353729248047,-119.60975952148438,71.40867551276864,1.2082894791057157,1.3957869352715786,499771.70300581126,2.34432198477003,-2.820399154195882,16.112736180056775,41.53658599853516,-52.13414688110352,16.357717401798435,0.09772074870370516,2.447303151740633,25445.38238906692,2.409304033334934,-0.635748948412346,-0.2367770590497539,-0.04849037611795355,UP
0.05147336028343022,0.17915564750782795,0.597509765625,-0.2939453125,0.18640346792057524,1.2602057469190673,1.773182826640749,2.6976026472720234,2.8220352624864375,-0.09365120821220932,0.28534188490517853,0.381982421875,-0.653173828125,0.3003173988979772,0.15912122859221012,-0.9717437506397721,6.842989227663387,2.5150857406022333,0.985992573582849,0.8879801795885022,2.741552734375,-1.637353515625,1.326910002412582,-1.254003932665375,2.094948832643677,66.27058182537556,2.1980937561981815,-2.754905942527728,191.7444433690628,499.9146484375,-228.47561340332032,191.76423303020798,1.2703428479134113,0.9008414565521492,3162287.90908726,1.801763045038564,-4.6435378700837315,56.17146403465557,169.8292724609375,-113.1707321166992,56.36307138319827,1.3165874130880109,2.5566285336390546,271385.92489918735,2.3733561276964625,1.4485562166948427,30.202877024611897,97.18292770385742,-42.21341552734375,30.2375940788409,1.2024912686797418,1.3413506434544349,78460.75119417753,2.350117007909877,-0.038792586911582765,-0.6063134440857405,0.08612542985353097,UP
-0.01762884936286407,0.35444598412409245,1.179833984375,-0.718701171875,0.3548841106495963,1.437850512996728,3.438905211981705,12.815667477066699,2.5749997314270665,-0.13194639335558253,0.3518826832213074,0.601953125,-1.0767578125,0.3758074952293701,-0.006837127834936074,0.7126266369736558,12.630975711208123,2.3924457925876044,0.9771299491808254,0.9653672294425171,3.10263671875,-2.403857421875,1.3735781103627285,-1.5359301680073583,4.229880091505749,95.06621744628136,2.280419612835936,1.227642876026678,175.83458263302379,570.26220703125,-261.15244445800784,175.8388681627607,1.8019919515662937,3.1312024434026897,3092969.724996688,2.129230925358111,-0.18107374450739677,56.96155255078167,219.76219787597657,-73.98170928955078,56.96184035559605,2.2466489421192124,5.328826486249474,324586.64007524535,2.4904546237962886,-5.226745460606087,41.87817703128233,84.63414764404297,-87.6280502319336,42.20308732277047,0.4140584240948631,-0.3797563965437938,175445.85942604294,2.2561897539283406,-0.19367570980860255,-0.8107919825246892,-0.1421492401222368,UP
0.00375279017857143,0.21209943536384615,0.65146484375,-0.463623046875,0.21213263284036887,0.8297715237914721,1.977976972851696,3.6909611629885295,2.597898148321585,-0.1031308128720238,0.22481110131492632,0.435009765625,-0.559375,0.2473378172420757,0.6774003542100322,-0.1222253903921322,4.14663422274035,2.388846576759219,0.9797851562500002,0.7553717987341889,2.571142578125,-1.40693359375,1.2371602591138955,-1.5140984596179408,3.1284260587465447,46.814642128611716,2.187192454279791,-0.5676546363603481,181.7486112665013,468.4695190429687,-286.65244445800784,181.7494977409511,1.0949528337771524,0.8763333219182252,2710206.129503453,1.834680487489343,-1.3658537278572724,60.05508142235497,187.0182922363281,-91.17073364257811,60.070611458945436,1.4001256736347798,2.0912097496565014,295910.0107597437,2.3209983253145974,-4.0847127548285895,24.497786797813323,50.60975723266601,-52.42073364257813,24.83599074489633,0.17250630599294242,-0.08085600148358285,49239.61968334057,2.284099262997865,-0.06897371690888678,-0.5319845162007224,-0.1653936674754444,UP
0.06853624131944444,0.2009755801852038,0.679638671875,-0.358349609375,0.21234029340889685,1.0596371825301623,1.8087990943617216,3.5561885006531417,2.689417341675691,-0.14538682725694446,0.2648884694529606,0.56572265625,-0.56181640625,0.3021642447229199,1.2154892549070881,0.7627338220104751,6.177662954900574,2.4288616631870394,0.956506076388889,0.8481191935102274,2.469580078125,-1.605078125,1.2783622493523912,-1.1827354664327485,2.0658080428993353,63.330231169306714,2.067882832262231,-3.659755936861037,195.14331725387126,447.8841552734375,-327.1829345703125,195.17763212612874,0.5974741912732554,0.13322914084369497,3352776.8097181465,1.785643554513751,-1.2097560282548272,59.99093625088087,140.28658599853514,-135.32317352294922,60.00313276742433,0.05850410555640524,0.22071679760372964,316860.841145443,2.3953404732770798,0.9121952433056304,24.534958620413867,64.51829452514649,-43.56707382202149,24.551910204041764,0.523855754355566,0.45128460613383314,52999.26357938582,2.6136507906726356,0.1524776055572321,-0.6347615120561587,-0.3658514080873679,UP
-0.04024943899601064,0.25682038212744007,0.679736328125,-0.65224609375,0.2599552384845859,0.8352951551851324,2.0196454506681905,6.0707710451384385,2.600305415296793,-0.13793010305851064,0.2514790403486661,0.601708984375,-0.678955078125,0.2868212353791424,0.631371533321995,1.1556606268558474,5.820879317820073,2.569936031934385,0.9795638713430852,0.8416896072382231,2.829296875,-1.66748046875,1.2915056225094363,-1.3238510408557131,3.0042989979900696,65.20612683345873,2.2194848542354504,-2.2385916992541297,189.03942183648843,483.5670837402344,-318.14634399414064,189.0526759955272,1.0612841860997988,0.9021468789544103,3288083.2459421298,1.9140119304431193,2.468135433235476,40.526748734558545,155.67073516845704,-57.810977172851565,40.60183561750422,2.059878068236517,4.768563284589398,151119.86992059016,2.4665659674701668,-4.104182998595698,42.38759385994705,81.26219635009765,-94.56707458496092,42.58582430013283,-0.03916844158015224,-0.45184600433566,165316.2603337938,2.067573012064501,0.07997892927977189,-0.7638558186532047,-0.09930055247690472,UP
-0.043371450772849464,0.2391324095040712,0.7787109375,-0.39794921875,0.24303372609036078,2.06105196631052,4.393480146658675,5.26156479703619,2.7651523752347997,-0.11758022513440859,0.27340792765652916,0.519287109375,-0.842822265625,0.297618890946284,-0.008762161041678138,0.9922155890028952,6.877969564224813,2.624033792139076,0.9588546917002686,0.8225066374222411,2.187109375,-1.656005859375,1.2632970705258757,-1.7120030594458977,2.9506542101422992,62.24677650269041,2.2964753585999658,-2.767898723899677,193.84003073150785,485.3414733886719,-306.1646362304688,193.85979154362482,1.0987978204258222,0.9031342763918566,3457203.8142395313,1.9289591269237878,-6.893850195407868,40.86996839209011,153.84146728515626,-69.45731964111329,41.447309766584,2.021473300515417,5.11339895294595,153690.36683285076,2.5345547508591606,-1.6900734857846331,36.80209623085391,93.24390563964845,-75.79878234863281,36.84088266277539,0.40134026300907444,0.3273315780696131,124618.68285248446,2.370388712607857,0.3123695608554646,-0.7539724473640124,-0.23104802172292277,UP
0.024153988486842103,0.24269524351037364,0.833837890625,-0.558642578125,0.24389423195799864,1.296996146328459,3.403523964272013,5.537305786808333,2.6275482948655364,-0.1898473478618421,0.20858152555512743,0.44228515625,-0.610302734375,0.2820430256061645,0.9128056731815483,1.5602407310704756,4.090040953606366,2.5154175191211676,0.9829677220394739,0.9251954042932397,2.994580078125,-1.757275390625,1.3498933582682755,-1.0424724053323449,2.3867002453035804,80.47165092219909,2.0641183956527436,-4.511080729064119,197.68556616243686,480.07318115234375,-329.45732421875,197.7370297094283,0.8432380208312945,0.4586974821132248,3595737.3825900275,1.7659961800303274,2.487804937875399,56.97033310127852,130.5000030517578,-128.06097869873048,57.02462649662466,0.46889274512843476,0.5859635608795157,298631.4623978434,2.3607721529312933,-0.8954891900221512,39.98651253189589,103.99390411376952,-60.62805023193359,39.99653841712947,0.8112397281224067,0.6300011770535763,147117.75877047365,2.177946967649782,0.026852833118113068,-0.7176178571255016,-0.16656872907971074,UP
-0.020885175540123452,0.295422423957045,0.956982421875,-0.49248046875,0.2961597527247715,1.7772821279496216,3.449704803302522,6.983017008188293,2.4465038086128192,-0.12314814814814815,0.26482971056145493,0.39443359375,-0.7208984375,0.2920620516061308,-0.13405291307201173,-0.1613424265152381,5.611637349826533,2.348996432208179,0.9805856963734569,0.9018220560366417,2.35751953125,-2.096337890625,1.3322279567275161,-2.070576879172299,4.049069966287264,65.07255974595138,2.1430511883276346,3.305480584833359,200.48948001659377,490.7378173828125,-366.07317504882815,200.51672698111963,0.8488132574769783,0.6577121072886043,3216172.7232932164,1.9668501075069864,3.188346948741394,52.9558979662477,166.39634704589844,-61.32927017211914,53.051792483168605,1.6064734428017333,1.7469150006172107,224380.36946426512,2.341642090119773,-4.737277887485645,39.55831417915967,83.32926940917969,-88.84756164550781,39.840959105929734,0.06795993161793909,-0.21134565828833063,125207.90131699643,2.2448696294785706,0.024843919452997337,-0.8237710619149594,-0.04985815802526655,UP
0.027634006076388887,0.2901562757610045,0.75126953125,-0.886767578125,0.2914692139065908,-0.06184761982292365,2.2364567675630713,7.412439171490461,2.718361197181499,-0.28213270399305557,0.2952265449159481,0.3208984375,-1.034228515625,0.4083596153948642,-0.6375948074844687,0.46180454001949744,7.673763057719105,2.51773458445894,0.9476405164930556,1.1318923522114315,2.379150390625,-2.897314453125,1.4762123307620596,-2.0169406023561876,3.830097062457985,112.79958804322325,2.1699100474200876,3.868766986992631,232.13417897035126,543.463427734375,-467.609765625,232.1664153236611,0.5670438165410359,0.6463702204579391,4744335.821539042,1.939601535032253,-0.16205959015422383,46.72047964989495,144.37805099487304,-106.90244216918946,46.72076071755477,0.6540937288990014,0.8431676509861812,192181.58820198002,2.634873648648337,-3.475948691368103,39.71383525285699,69.43292846679688,-77.79878234863281,39.86566103548379,-0.06467155826392992,-0.4101539738918216,138861.20789897593,1.9536807798720712,0.018127776328760156,-0.6688973554432305,-0.06384530771667872,UP
-0.0724677057549505,0.2732597832412425,0.889013671875,-0.55498046875,0.28270563757102,1.259016184043856,2.888889819096894,7.4678229814417225,2.682939090833312,-0.15426303372524752,0.27464814142414673,0.444677734375,-0.83115234375,0.3150058494089514,0.06889858096398795,0.23200814580670004,7.5438996842795705,2.5078909015110895,0.9827641553217821,0.8830862206568502,2.871630859375,-1.97998046875,1.3212367910784708,-1.5913224519153286,3.847257647733965,77.99177281407749,2.316515454616161,0.2695482473747416,189.09407682772675,532.359765625,-335.408544921875,189.0942689443228,1.3336635056026602,1.9046985736077762,3577032.5610811743,2.0967831657608405,-0.7815639130040707,35.08851121871118,97.14634399414062,-57.20731811523437,35.09721444353855,1.1667747960755457,1.1787089157959167,123167.7248646375,2.716308011782249,-2.9552248781802612,35.18016509602418,72.2500015258789,-77.4756103515625,35.30407016569242,0.25603267386537004,-0.28112965873230866,123812.25978658897,2.2497113160472866,-0.06555974281426313,-0.7841026349794775,0.06999093796646065,UP
0.10014594184027778,0.1695846049403168,0.540771484375,-0.2619140625,0.19694706877696763,0.12441551177427555,0.5381340021346475,2.5320566133312554,2.7137251872161867,-0.05181423611111112,0.27355245056270155,0.50703125,-0.6974609375,0.2784163398089941,0.5400729035851153,-0.041498043353552116,6.588403062405794,2.5157700927072812,0.9706504991319443,0.8261030029328884,2.907666015625,-1.64482421875,1.2746013348964564,-1.1578388578245244,3.1396663425571925,60.08494912152705,2.1625833803441,-3.7193773555755607,180.9089708053572,508.7317138671875,-246.38414916992187,180.94720082324224,1.5210416779923814,1.6798097615303291,2881492.271112829,1.8674006356365753,0.9718157127168437,55.079057839943154,166.68293151855468,-78.50609893798828,55.08763053821871,1.305241357608774,1.5900409313552544,267098.29655335675,2.2810024173522025,-1.168766943415006,14.014834922502736,30.006098175048827,-44.12804946899414,14.063485132534609,-0.09922008320447541,1.5490013698621619,17293.11434832203,2.438673629853836,-0.6071526746245473,-0.3818488107529601,-0.0892568636198928,UP
-0.00097807264819588,0.313932213494465,1.156103515625,-0.619580078125,0.3139337371096638,1.6713492042385354,4.613709746122712,9.462135375567845,2.5463959051389495,-0.18088555090206182,0.3276198866590994,0.55166015625,-0.97880859375,0.37423839014679344,0.14544725319113214,0.5474117287375835,10.305235105874587,2.3483777132058496,1.0005074097938145,1.068603959780681,3.366943359375,-2.789111328125,1.4638748238532142,-1.5478815497465026,4.3371753299849685,109.63543678244768,2.1936075259987247,-0.17886187297602554,180.699775491655,542.2500244140625,-312.8048889160156,180.69986401296524,1.530523127234309,2.4257802965258124,3070659.2464017295,2.0513317104804885,2.506796295444171,60.261878364995454,231.97561645507807,-81.46341857910156,60.313995156550185,2.3598909688208916,5.555019537945505,341508.65894823655,2.319261580429323,-4.369410669555266,33.932382113779504,92.7743911743164,-72.41463470458984,34.212546025029575,0.7958212810996703,1.0214677530392482,108279.5391670604,2.347098388553161,-0.47592450682181625,-0.7424422146719623,0.17911816382151402,UP
0.047829795745481934,0.24283932696347163,0.800341796875,-0.432373046875,0.24750480415766965,0.9038680830015964,1.8701698156470599,4.836319010030656,2.616797899413398,-0.2344314759036145,0.33248737079708385,0.341552734375,-0.860107421875,0.40682424784408383,0.24901397905920236,-0.7106291031638525,9.06623988849776,2.2524792508467613,0.9845885495105423,1.1109068763161605,3.288134765625,-2.5130859375,1.4844287452329268,-1.3150731892386316,2.905228174432387,101.21204703779446,2.017910788547176,0.031015074105909483,221.32532854239733,595.2012329101562,-324.6036682128906,221.32533071552146,1.3035592430436864,1.1339680810627888,3919389.4611941366,1.7890608290624386,10.201144331546478,58.84507293128343,188.79268798828124,-63.69512405395508,59.722742351311275,1.119676900976594,1.0663834933394778,277061.637231439,2.3497770701335137,-2.9583709441585304,35.89612062912815,92.93292846679688,-58.45731811523437,36.017821073243184,0.845455855305836,0.3182600873687629,103098.23189616403,2.232552205971439,-0.3066421347260723,-0.6666905712498098,0.10710397025181469,UP
0.0036646792763157902,0.162215719692502,0.496142578125,-0.34931640625,0.16225710951928926,1.019103113708106,1.6033428084262722,2.4737844367822013,2.698842743435181,-0.06786492598684209,0.23669684049701464,0.50263671875,-0.39228515625,0.24623371515791403,1.1281725628232235,0.12302229380407015,5.266970662176608,2.3078590683101123,0.9819238281249999,0.716294405603003,2.541845703125,-1.266748046875,1.2154225930670426,-1.2626379670737051,2.8853672914016864,48.23464605594674,2.1610230525039573,-0.4272734603534128,168.9782293819582,463.9878173828125,-255.89024658203124,168.97876957674774,1.193107440401031,1.1845521263279517,2685207.8612531447,1.8814679922099669,-1.5756477516144518,47.585031291048274,133.21951446533205,-69.58536529541016,47.61111077056711,0.9234815299962287,0.4621657455007817,212939.97350106822,2.3224426782407344,-5.056021387254199,27.54832515803963,37.91463470458984,-49.34146423339844,28.00845535336519,0.1020367552561105,-1.314862557023314,71368.8674778413,2.117394789013277,-0.0722528414391906,-0.6367473321212817,-0.11707854103522307,UP
0.03466579861111111,0.18645884990245667,0.598779296875,-0.415673828125,0.18965394881281267,0.9587390704947167,2.1076351519388377,3.0609991298551136,2.5737139188274543,-0.1855989583333333,0.23285464569412948,0.490380859375,-0.590087890625,0.29777216014220836,1.1530456192217422,1.202482075595146,4.773865368262582,2.653668658974386,0.9795176866319444,0.8242428869851217,2.422900390625,-1.315283203125,1.2801684401555775,-1.092537000523127,1.0927515792177953,59.81466988796772,2.1358720434432286,-4.642480398085381,166.07203404534562,401.5792785644532,-311.9878173828125,166.13691075798008,0.6087941308561283,0.5302791640575664,2428232.627307366,1.8721357410909387,-2.9964093052016367,55.43952290333297,134.70122222900392,-146.5000030517578,55.52043919561048,0.35675824631020775,1.2476551685083743,270606.7901531259,2.4657854661893697,-4.224932378530502,27.996053913330176,60.29268417358399,-65.6158561706543,28.313055086324493,-0.19356356780107267,-0.0008064052361111962,69006.6505679071,2.251239959511728,0.30039554658329753,-0.6755936364253721,-0.6156715373181108,UP
0.001618227751358699,0.2795712596686031,0.743701171875,-0.552880859375,0.2795759429810526,0.7439719163480171,1.0539297280610374,7.037754949711739,2.533406196945767,-0.19177829908288047,0.23969486823610012,0.466259765625,-0.63759765625,0.3069732005531495,0.7443808105962821,0.3834862995933066,5.173271714575748,2.4278253719235856,0.9844418733016304,0.8564494995213758,2.378662109375,-1.60234375,1.30484924306988,-1.4372991640024901,2.2261093528967306,66.04673033480948,2.0839036979283536,2.3628731850783047,188.95251872182877,448.45123291015625,-301.43292846679685,188.96729214605315,0.7020000007155842,0.3633991153034386,3143422.135417235,1.7601626939549504,-3.55074582093292,56.24263000470359,125.41463470458984,-123.86585998535156,56.35460252482362,0.577743835472675,0.29167105006013205,278502.0800293164,2.243349080487441,-7.24593534734514,35.21888985383787,48.40243988037109,-99.5792724609375,35.95655408398683,-0.9255354925718119,0.5715637658673351,109206.62393646692,2.2350031669565853,0.03754979283280552,-0.7576452466990635,-0.18339583401463969,UP
0.06888671874999999,0.20826803485611525,0.756005859375,-0.409326171875,0.21936488862844403,1.0220143647602997,2.6554298347967764,4.077755817125242,2.7208625536393196,-0.14620271381578945,0.23476373545776857,0.54462890625,-0.5845703125,0.27656689066695384,1.0877990686467884,1.2963461339779236,5.181291183978318,2.244707726296326,0.984235197368421,0.8537032430952557,2.755810546875,-1.713427734375,1.3028922254009394,-1.3599133910249046,2.9178991377935244,68.51565912629168,2.1236442917511353,-2.1937883794928603,187.16057308443112,497.7561096191406,-301.8414733886719,187.17342980441077,1.0592609575890226,1.0130409434812453,3294163.2959082955,1.8886126726308583,-3.682355428797504,72.19414669957074,167.70122375488282,-212.6219604492188,72.28799733830739,-0.2287935691629478,1.638512770049183,490140.43271490233,2.449263029082555,2.3316818933933967,30.377664386881516,86.31707458496093,-52.658538055419925,30.467018791703072,0.7564326888716142,0.9875639160074146,86781.10117228371,2.327343980216925,0.09658624486348046,-0.6246649492177294,-0.05022466993057387,UP
0.019216918945312498,0.2765497014136138,0.859326171875,-0.66923828125,0.27721657116000414,0.7929531842635932,2.5285312226966905,7.192250807917849,2.4876909142339683,-0.12167561848958335,0.27849568706862976,0.452783203125,-0.743115234375,0.30391578414200665,0.3931032937347476,-0.25797228095244673,7.29379169853366,2.411314909244097,0.9848419189453125,0.8861202579010694,2.94267578125,-1.864111328125,1.324810445601386,-1.2193985348525676,3.1401252350388384,73.84171079937292,2.1937123901573665,-1.101309428364038,180.76415243176123,529.5426940917969,-254.17073974609372,180.76750727614188,1.4268077210052394,1.844961239863859,3072847.8019194943,1.9601120143123834,-3.5903838067625955,46.87984272561706,139.57317199707032,-103.29878387451171,47.017129961945294,1.0362675531868835,1.9709256757938247,206675.49287988548,2.4090168943659416,3.2286586010828615,31.897906700701217,90.23780670166016,-48.530487823486325,32.06089032215085,0.8333451865437814,0.5672091601243023,95684.33834705515,2.1504261625865166,-0.21911880919063323,-0.8141209460999299,-0.1204121078456076,UP
0.03577949438202247,0.13911984050166398,0.391943359375,-0.246142578125,0.14364714490529076,0.6265032545820366,0.3621164538450339,1.703396089977688,2.6871103827892884,-0.06587956460674158,0.28010421324372403,0.67646484375,-0.71767578125,0.2877472629055913,0.5412623840467107,0.5847650494789529,6.905208344035677,2.2933860734553146,0.9587462693117977,0.6002866256299376,1.7357421875,-0.857958984375,1.1311668496864056,-1.6362182178081093,2.175254799785691,31.714278718683463,2.0636991777626537,-0.8878046438429109,173.1853429993098,389.8841491699219,-276.6036651611328,173.18761857267455,0.7840746275330367,0.19980567818126005,2640702.6864325493,1.861497714440952,0.5598918124039968,33.47676261660873,96.0792724609375,-72.84146423339844,33.48144432563161,0.5396842583858861,1.13344436422957,98669.7660324895,2.274806290677866,-2.678523187438647,22.749357494282336,37.4390251159668,-54.87805023193359,22.90650023177496,0.02822548141097284,-0.6757382402289247,45565.84033019991,2.4134125307680967,0.275632879184091,-0.7448616588892826,-0.46231087492003803,UP
0.03134962910353535,0.1916613280163711,0.62275390625,-0.352197265625,0.19420830029102312,1.1177216696692804,2.0871985766542904,3.6003056770324715,2.77487250549266,-0.09640792692550504,0.2597952384729718,0.564501953125,-0.57216796875,0.27710657572006814,0.8691580603348088,0.3049333714091573,6.615044397115708,2.5523504722701897,0.9693310053661616,0.6810579228524148,2.237158203125,-1.170556640625,1.184669781941035,-1.6110357632872767,2.88773863945217,45.460948038387315,2.367126426175424,-2.050319266319275,174.7144866887666,443.8292785644532,-292.2743896484375,174.72651678555562,0.8375393437213446,0.6380992311482463,2991770.1336926706,1.8946820032729441,2.849716679315373,49.789917721468285,159.14634399414064,-79.90853881835938,49.871402545576665,1.3553492481507274,2.008405381927905,242970.30921670425,2.538804529909155,-3.105383257312004,20.60783960552682,41.57317123413086,-45.40243988037109,20.84050043501627,-0.14911596684840098,-0.18597456791259326,41623.1860448298,2.5332934945939676,0.05826522737054829,-0.6657722426844702,-0.2902876564669441,UP
-0.02802064185049019,0.19722023716437753,0.585498046875,-0.5982421875,0.19920084918716274,0.7987844700288459,2.4397052016544922,3.891078327344015,2.7170517554680633,-0.08857804840686274,0.3230696784593115,0.555810546875,-1.081005859375,0.3349926682770407,-0.39568583165888827,1.0838610058216753,10.441423495366022,2.620532199467263,0.9566339231004902,0.6894517234933094,1.977880859375,-1.201171875,1.1791913084205332,-1.5938414028377765,2.5542021632794,47.55265036995593,2.2490636842577523,-1.5853064610677599,184.1655369648944,503.0182983398437,-237.0122009277344,184.1723600384797,1.3536285213882788,1.3657286701278117,3392999.06546932,2.024999049456158,-0.7559780880516648,35.20730414406012,90.1890266418457,-60.6646369934082,35.215419463098364,0.3201665394506033,-0.40493610311622774,124003.1046991794,2.7206286624706464,-1.3075682707276997,32.913894822511104,79.64024505615234,-46.92073364257813,32.93985742485746,0.6368244770769151,-0.38136320445356153,108374.16545999728,2.246026728902169,0.2402970180992488,-0.7768667759103292,-0.2828300850575853,UP
0.024084850193298972,0.18698282856352555,0.644873046875,-0.364306640625,0.18852760590017167,1.323464850229027,3.033748474329351,3.356764266053024,2.6507060166989227,-0.04686996617268041,0.26810600794549816,0.53408203125,-0.565673828125,0.2721720507794651,0.7038582133003903,-0.2654700921702382,6.901293301533683,2.4913287081934703,0.961510349548969,0.8708171789564855,3.079833984375,-1.8052734375,1.2972373381365154,-1.0725144407145837,3.250953852199385,72.80670366520783,2.1322907986890884,-5.22973802636067,186.04504882537185,516.0305053710938,-265.6707336425781,186.11853844327104,1.3644081071383127,1.4014777186604261,3255012.301666107,1.8695597905033772,-0.9758638070275394,46.16746160720879,132.8292724609375,-81.73780670166016,46.17777410641362,0.867032761966051,1.1037902553719654,200441.94795524358,2.281089399857125,0.21036584942291148,23.896372327249228,59.890245056152345,-39.701219940185545,23.897298261375198,0.7265259554975909,0.18551080631365702,53701.03352058636,2.3672088873839408,-0.2800201815440459,-0.7174971066721437,-0.09888169658633897,UP
-0.009169812148876407,0.19029069595677486,0.418798828125,-0.487353515625,0.19051150732320457,0.2497595582428811,0.13037762838614508,3.1869306485917828,2.669507274191033,-0.02012541695926966,0.22844164615711351,0.590771484375,-0.46416015625,0.22932644441223152,0.8477932324582834,0.29747604721177234,4.592911381350623,2.3059428723840485,0.9614833874648876,0.6940452651888255,2.208447265625,-1.179443359375,1.1858115931723647,-1.684922351042336,2.7226721687423225,42.39484926075406,2.176243224164203,0.7207304684321084,175.00001786937617,427.4817077636719,-286.0853759765625,175.0015020126687,0.8713741421366769,0.4245002437660581,2696332.962391923,1.8216135365944797,-4.849458139737446,60.24824106904049,175.2561019897461,-126.61585540771485,60.44309552101284,0.7486437728517348,1.0164249286312623,319585.1430371058,2.4822461455418727,-2.2156503859493464,21.612830689590336,52.29878158569336,-33.70121955871582,21.72610312618568,0.686769701406354,-0.2748262350169375,41127.21316193754,2.5168961759788306,0.38681944521260897,-0.4943735655374288,-0.2177292425013674,UP
0.018989940356182795,0.24614518059020993,0.825341796875,-0.45732421875,0.24687662457697054,1.4598733047704653,3.3442585338472304,5.574689940696067,2.6224237735832783,-0.11018932711693545,0.24854327878538857,0.46484375,-0.772509765625,0.2718739583701874,0.13509237219871265,0.5359856790534638,5.683843219178788,2.4372289893475494,0.9687683761760751,0.7969101964495974,2.756494140625,-1.636474609375,1.254423384621064,-1.4332373400329068,3.465018353996296,58.43281525069093,2.2153806429423546,-0.07199105280702052,178.5807474150216,479.408544921875,-295.4329345703125,178.58076192585648,1.1827170652990149,1.250430149173524,2934318.934796433,1.903427598701188,6.79530562399536,60.09113085814667,186.2804931640625,-102.68292999267578,60.474128239557196,0.9981986524784546,1.3689435173943174,332245.26301655883,2.4266751395874997,-5.571859519071478,30.003908591484752,75.81097564697265,-54.25,30.516883020165082,0.8040622506164237,0.8630714163990523,82831.15379358112,2.330033756965042,0.06540041604550083,-0.7386992524364797,-0.2643684166754061,UP
0.03694000244140625,0.2161712546837849,0.705712890625,-0.507275390625,0.21930475401124547,0.9631792948277259,2.6167911614270354,4.394547641715224,2.778470361714349,-0.11970876057942707,0.23056118443632767,0.483837890625,-0.64638671875,0.259785771604499,0.5478154423950011,0.4732528545997323,4.999066459694686,2.529910689714502,0.9796544392903647,0.6966150206743855,2.292529296875,-1.375439453125,1.2020795761722654,-1.8137475173173994,3.6871249623032076,45.63542139053345,2.3224594951542343,-2.1847056940197924,176.14606774787154,464.2987915039063,-276.8170806884765,176.15961546849277,1.1549604007359446,1.1509601618107954,2917846.091465594,1.9947446786630827,-2.73888517357409,58.37402170040404,147.71341400146486,-159.56098022460938,58.438240061395305,0.14750990442140965,1.0308903724573,320446.9332961979,2.5767596927787917,-1.434832302294673,20.75207168438783,41.37804985046387,-48.46951293945313,20.801615873044078,-0.0009330377448336182,-0.10796761960876777,40498.650134862946,2.4742767316277257,0.11289380184056988,-0.6368775918420393,-0.19170828067172976,UP
0.04181229440789473,0.20858584069759697,0.60830078125,-0.3916015625,0.21273533064156447,0.9561745000945188,1.3648723070157036,4.090210185199975,2.6539898408513394,-0.17768914473684214,0.2796659053769051,0.4833984375,-0.7814453125,0.3313403850839714,0.8667732873699728,0.5549630693960479,7.352838470190761,2.3744919904146125,0.9621129728618422,0.793675226300894,2.376123046875,-1.291015625,1.247229624965999,-1.273192497800462,1.6585570037840878,59.21907596578202,2.1570103371776996,-0.8325076776246202,191.51454866777618,463.0183044433594,-289.7195190429687,191.51635810148258,0.8681938882148933,0.49812945537738473,3449216.8158885883,1.8866878960849505,-5.412982753912608,42.06371482582471,126.20122528076172,-99.64634399414062,42.41057046589283,0.6606242756848173,1.4067996009469095,166391.78808979611,2.5304877541547213,-4.416857305852074,25.5296033928629,46.95731811523437,-62.371952819824216,25.90886485080224,-0.38866143918483553,0.05938463155577356,61293.21939114986,2.7094983179343792,-0.03690212400800212,-0.6418136778363671,-0.37454469176107386,UP
0.01856043198529412,0.22159349695846198,0.71826171875,-0.49755859375,0.22236943928912672,1.2094182124255843,2.7062258020595893,4.912257542701867,2.7460955199684736,-0.10533040364583335,0.2771718294080062,0.554833984375,-0.641064453125,0.29651090527934226,0.7346488578133837,-0.21539831563627265,7.68538369036638,2.4528004400713725,0.9721933402267158,0.7327690576604332,2.628125,-1.28505859375,1.2174195590041001,-1.2948400760246843,2.677245156202641,53.71570193011026,2.3608887052529544,-0.5656987558977297,179.9434033032954,485.0365905761719,-240.43293151855468,179.9442925114738,1.2733795543701751,1.1375517791289127,3239208.4389332165,1.8942976285191115,1.7821619019204495,60.24159251024584,204.42073974609372,-113.53049011230468,60.2679481085524,1.409378071433609,2.6307098405629716,363044.64425336744,2.423692385251998,-0.6445481128552382,32.294191578700335,88.06707458496093,-53.201219940185545,32.30062308983505,0.8200267261232088,0.5154973915953711,104331.74786600101,2.436705995899395,-0.08686525717039432,-0.6421852676245708,-0.1838726888954354,UP
0.026715523856026786,0.1619285463287668,0.5421875,-0.464697265625,0.16411755948419873,0.7374650588393106,2.094133069974439,2.885261227457147,3.0785339973631594,-0.05361982073102679,0.2683856478078622,0.49423828125,-0.5857421875,0.2736894976510303,0.6810632757758394,-0.5651709102312963,7.925925997516564,2.6032996801556187,0.9679988316127233,0.6274351583171422,2.04541015625,-1.274853515625,1.1535582412241068,-1.9940985218684901,4.537077172069121,43.318050743236874,2.53434464571058,-2.435398370833001,166.86283601272942,484.58538208007815,-237.0792724609375,166.8806076434158,1.5087895817693056,1.975127326379412,3063001.2646971606,2.0618826200844125,-8.757306154032012,57.958859196174586,131.5487823486328,-157.58536834716796,58.61671920533797,-0.027121768929344182,0.9639567032108669,369545.2226446987,2.696192496080742,-5.283728971567239,16.733894049453284,45.93292846679688,-37.71951341629028,17.54824783000591,1.3397578500177922,1.951851533275538,30805.053313648743,2.689570840093411,0.3018151461124713,-0.45678479745877926,-0.10276102650980654,UP
0.002322152944711536,0.17771031953916636,0.45361328125,-0.381591796875,0.1777254907575479,0.5154780991051539,0.5699628044555602,3.222451387351413,2.7297622000848625,-0.09495990459735577,0.2899213247681018,0.644580078125,-0.965966796875,0.3050766428890125,-0.2970481591163809,1.7731244619473143,8.576721684617818,2.5972974823190387,0.9603637695312499,0.6319597661677809,1.68505859375,-1.23193359375,1.1496398200667497,-2.142105861578828,4.190385626642123,40.75113229499674,2.2589610611059188,0.05383267243703253,171.07232803813943,450.6524536132813,-286.39634399414064,171.07233650811406,1.0776368653322836,1.0438751836078373,3043913.199620627,2.0292852089330773,-0.8178281125000549,36.86747201375907,99.9817108154297,-59.939026260375975,36.87654180514903,0.9068134631700018,0.15376786573011092,141370.71397976912,2.785380461200994,-3.343379941951661,24.558418292853347,38.75609836578369,-47.08536682128906,24.784957100689088,-0.18732554059559609,-1.1232270152628623,62729.74431358926,2.4300385069827546,0.3859509951810934,-0.6628517473800729,-0.32462481339551735,UP
-0.03588191904920213,0.24490549750372592,0.704443359375,-0.45029296875,0.24752013013531046,1.35703585417344,2.275325910610647,5.520592049906651,2.642661282913689,-0.13302183759973404,0.2530064325043379,0.545458984375,-0.71826171875,0.28584447548795155,0.6890576790573592,0.8270883555234816,5.891798156847557,2.351370413937179,0.9657392785904255,0.7782771023906175,2.27890625,-1.589111328125,1.2403094784439452,-1.8378395432318755,3.3895983563254948,55.751045945584785,2.207591072165431,0.08212648108601635,192.15067612793777,481.58538208007815,-329.5609802246093,192.15069367863998,0.9408991778047818,0.6971028180855363,3472163.965309409,1.8216330988115546,-3.5638339690864087,35.95421560971446,106.44512329101562,-90.53658752441406,36.13041008166181,0.6420448158056359,1.4562236733092107,121567.30690297091,2.5205542980597775,0.015942454089720726,31.47974252741706,69.92073287963868,-60.57927017211914,31.479746564327876,0.3179485675803799,-0.1594403128871491,93192.06132933819,2.1896720218623775,0.17542671448520553,-0.8884725753355232,-0.20781115677400883,UP
0.03303148674242424,0.1598222942966435,0.449365234375,-0.355322265625,0.163200014922358,0.9520335833276147,0.9891456819330378,2.5034856755733492,2.858078278022953,-0.06510219381313133,0.23884438318189988,0.446826171875,-0.5845703125,0.24755794274638965,0.5287084011204853,-0.43140603210287676,5.591141125392914,2.5538671947719127,0.9678538312815654,0.6655036606300258,2.350634765625,-1.066552734375,1.1745791420923368,-1.4054917295448301,2.495360502043133,43.40815093779563,2.3268330575962533,0.04927335465797423,169.27720085279623,424.2378173828125,-223.6768371582031,169.2772080240615,1.0676096005042017,0.7071952573884857,2808454.079105962,1.9135699173536815,0.4233802550368841,52.47787025503462,136.42073669433594,-136.76219635009767,52.47957809800497,0.03667179531908155,0.9030173319896506,269912.37218608125,2.443424844269468,-1.0138581227172505,21.679734178334186,45.14634246826172,-68.25000076293945,21.70342789368148,-0.4805574184730836,1.576905451621938,46065.76576497712,2.480117958033949,0.4907731414910163,-0.4859712388474979,-0.27579343179885335,UP
0.06686794704861113,0.24814376091367105,0.665966796875,-0.350146484375,0.2569954249065088,0.8210798609257667,0.16504472783272695,5.421352485729299,2.7290409897879795,-0.11028862847222223,0.2851309408624539,0.4013671875,-0.768701171875,0.3057175739263152,-0.1096542616333582,-0.3228642591094588,7.157943732323856,2.4768913449161105,0.9742057291666667,0.8322972765221438,1.948681640625,-1.92626953125,1.2813257038112265,-2.17178371476101,4.320266981734357,60.98940329085226,2.259049942847703,1.295392919646369,189.81394307298217,486.9451293945313,-350.82927856445315,189.81836325216167,1.0783776174650026,1.1805208779403786,3172147.9833833007,1.9869193367813305,-2.7493224112192793,49.70559697752942,136.24390411376953,-61.408538055419925,49.781574348481726,0.9951199735942525,0.2723529786892307,217524.31013464616,2.5477678393747953,-4.9360434481170445,24.664957756013017,48.23170776367188,-46.57926864624024,25.1540188842182,0.1213211925353276,-0.8935281973067233,53562.1858078615,2.3949182284461497,0.16749678189323775,-0.519638847559757,0.06818653381046844,UP
0.04911520070043103,0.13565385146306083,0.4810546875,-0.141845703125,0.14427151609588704,1.7151353310631885,2.63784141990749,1.0318403581778208,2.488827919560921,0.05266113281250001,0.27054514922297623,0.53955078125,-0.499169921875,0.27562269985829946,0.40936589864926637,-0.7224312599510001,4.104603159189224,2.554090461642913,0.9162580818965518,0.8607649802836074,2.73134765625,-1.236669921875,1.2571575970909086,-0.7736635439317203,1.0390669937690964,41.540715245087945,1.8287000746884734,44.673621778634555,183.4079530878868,460.0244018554688,-200.75000610351563,188.77025649902842,0.9239217827263487,-0.06320752989562406,1884334.7000755463,1.824483615529263,10.648694808441295,66.99613589409965,161.53658752441407,-114.34756317138672,67.83713530113128,0.7403485821022523,0.17975935668630738,251432.39221004193,2.2254610605443936,1.2906504951025313,13.270417501842328,28.37195243835449,-19.158537292480467,13.333032639790229,0.4728096702641063,-0.46124970018979505,9864.859193228227,2.4582254231097895,-0.15974828457101026,-0.7090554160317671,-0.10984249005121759,UP
0.021546157525510208,0.23551657666304238,0.947607421875,-0.38759765625,0.2365000946874923,1.8653133499074732,5.072373945682962,5.327160691356658,2.7070101123030526,-0.12687639508928572,0.2833963055237315,0.491015625,-0.844287109375,0.31050134559346554,0.20304357633579734,0.33591647706153616,7.713310015678409,2.601490579035049,0.9717997648278062,0.7897932267632559,2.16611328125,-1.890283203125,1.2522651971369703,-2.2181242136397668,4.876517945595581,59.90719464449883,2.3067934558184513,-1.0474476174761842,203.7144587142454,538.9939086914062,-368.4207397460938,203.71715155025447,1.0785594887734202,1.3111798290458898,3902654.451152515,2.0364648295242906,1.165713974585135,53.23688976463411,162.29268798828124,-99.66463623046874,53.2496508991594,1.0275920658393196,1.4642605727413462,266527.3256210789,2.502309826518905,-3.3189151326815285,20.5808450692396,54.01829376220703,-50.493902587890624,20.846735509954225,0.2262384723884704,0.7853384301318815,39833.03155174529,2.4400693423157973,-0.05086466542676895,-0.7190545250459918,0.047846730230670376,UP
0.05032293146306818,0.17267446016776478,0.597412109375,-0.280615234375,0.17985790676327143,1.1922105425953813,2.3303427583660055,2.5655551838345003,2.6612944300978136,-0.047125244140624994,0.2914780950351933,0.643603515625,-0.53017578125,0.2952630497042572,0.7830503762436646,-0.09664742267525916,7.310323476155598,2.4852020784530278,0.948141202059659,0.872651768931437,3.005615234375,-1.646435546875,1.2886011209300965,-0.975094183277568,2.3780732028913336,65.52467055553859,2.233896912852417,-6.4341609100500765,204.47155966405845,514.6036682128906,-269.43902893066405,204.57276734225655,1.0651546564803458,0.5543142218691326,3430251.326392232,1.7395503597405655,-3.374709727579638,60.73988780954155,161.65854034423828,-102.70731811523436,60.833565051385186,0.9432335601427826,0.8079393340166585,302697.02518618794,2.124634143408559,-3.3099595365070167,18.90397057431803,42.00609817504883,-31.81707420349121,19.19155896762938,0.5298254275432356,-0.25626560571602486,29320.21430027312,2.4202488710223484,-0.04922205383677941,-0.6465518997395755,-0.26860846887000284,UP
0.075310546875,0.23261737337478144,0.8650390625,-0.429638671875,0.24450464385445533,1.0983988038178798,3.0924121437607726,5.305003063444997,2.7041469377605454,-0.05778759765625001,0.264652007198794,0.503564453125,-0.656640625,0.27088759912043064,0.2508925023082683,-0.15989056825678194,6.866780351657494,2.634237882651262,0.9724057617187499,0.9768258346284738,3.3748046875,-2.327978515625,1.378318423522459,-1.207690727059949,4.113769162583589,93.54791291414521,2.2051628186861176,-5.921347281427093,196.93476446031647,574.4878173828125,-331.3109802246093,197.02376457338235,1.4557207673316859,1.9934650212554734,3801151.375412483,1.9707778985620792,-2.9822002394632854,56.77156178909605,156.14024963378907,-119.64634552001954,56.849835059051884,1.1271271440941382,1.733635557596279,315887.23244364845,2.3629099990031555,-0.3630820595856866,19.021016277151887,58.23780670166016,-31.073171615600582,19.02448130167206,1.3497717774684939,1.8731565350198416,35459.92589173851,2.559406523329484,-0.4619042824837262,-0.6020580549853725,0.05222044601947103,UP
0.07447764078776042,0.15378610987462218,0.596240234375,-0.278564453125,0.17087154990717454,1.1072241313789308,2.8784672892634973,2.2240812591630585,2.737419506252311,-0.07620086669921876,0.28901694029636504,0.49482421875,-0.94208984375,0.2988935661133989,0.021795418371174654,0.9288941322400297,7.855311449401232,2.6800913669511326,0.9776275634765627,0.8679861727456504,2.769677734375,-1.98095703125,1.3073467975050699,-1.4772119515995348,3.805130971012985,70.85035191623531,2.1814627827989943,-1.9609383049731444,184.57745977724028,527.3048767089844,-288.69512329101565,184.58787592053457,1.490961334573926,1.904694766235922,3203861.4392461386,2.0433219637500697,0.5910186698039374,58.15245327624834,155.80487976074218,-122.22561492919922,58.1554565377515,0.9381955368474595,0.9830889124099644,318018.56730475026,2.374638518638103,-4.8409554443632565,15.864947561342285,33.02439041137696,-30.829269409179688,16.587085661394855,0.35357345395978046,-0.41691827395461223,23669.756685214674,2.5735684312678755,-0.5219794459632392,-0.5247229952377255,-0.014102628406512167,UP
0.012726970295329673,0.23990536967450427,0.847509765625,-0.444580078125,0.240242715126929,1.463773658349597,3.5522352046322068,5.180538369209869,2.6336037709624183,-0.11214264251373623,0.2732937521976959,0.46904296875,-0.9771484375,0.295407256614084,-0.17384645553404274,1.4423371746769043,6.722864591246066,2.509643522471478,0.9728520990728022,0.896795046109865,2.834912109375,-2.09873046875,1.3231336143404233,-1.5754167089411186,3.9712997483650385,72.39046367930332,2.181580730748373,-1.1570938865343694,188.04791492864166,535.31708984375,-299.8231811523437,188.05147480217192,1.4356485074904828,1.8833840460856406,3253681.8761130255,2.063759325657481,-1.1327696197776387,46.47911630063354,130.59146575927736,-67.00000171661377,46.49291794563242,0.9646983117306763,0.8649952534760823,198771.34119476101,2.474380883973726,-1.9467611165456868,31.898095225946644,64.08536682128906,-68.0121971130371,31.957446047649903,0.3679839665910651,-0.24827936351355628,93619.76441752927,2.2350686215519184,-0.2239101457268653,-0.8044450935365324,-0.1262452856326994,UP
